,artist,year,song,danceability
0,Britney Spears,2000,Oops!...I Did It Again,0.751
1,blink-182,1999,All The Small Things,0.434
2,Faith Hill,1999,Breathe,0.529
3,Bon Jovi,2000,It's My Life,0.551
4,*NSYNC,2000,Bye Bye Bye,0.614
5,Sisqo,1999,Thong Song,0.706
6,Eminem,2000,The Real Slim Shady,0.949
7,Robbie Williams,2000,Rock DJ,0.708
8,Destiny's Child,1999,Say My Name,0.713
9,Modjo,2001,Lady - Hear Me Tonight,0.72
10,Gigi D'Agostino,2011,L'Amour Toujours,0.617
11,Eiffel 65,1999,Move Your Body - Gabry Ponte Original Radio Edit,0.745
12,Bomfunk MC's,2000,Freestyler,0.822
13,Sting,1999,Desert Rose,0.586
14,Melanie C,1999,Never Be The Same Again,0.689
15,Aaliyah,2002,Try Again,0.797
16,Anastacia,1999,I'm Outta Love - Radio Edit,0.761
17,Alice Deejay,2000,Better Off Alone,0.671
18,Gigi D'Agostino,1999,The Riddle,0.74
19,Dr. Dre,1999,The Next Episode,0.922
20,Linkin Park,2000,In the End,0.556
21,Tom Jones,1999,Sexbomb,0.801
22,Sonique,2000,It Feels So Good,0.634
23,M.O.P.,2000,Cold as Ice,0.656
24,Melanie C,1999,I Turn To You,0.522
25,Limp Bizkit,2000,Take A Look Around,0.425
26,Darude,2001,Sandstorm,0.528
27,Da Brat,2000,What'chu Like (feat. Tyrese),0.879
28,Moloko,2000,The Time Is Now,0.682
29,Chicane,2016,Don't Give Up,0.644
30,DMX,1999,Party Up,0.51
31,Debelah Morgan,2000,Dance with Me,0.85
32,Madonna,2000,Music,0.736
33,Ruff Endz,2000,No More,0.839
34,Britney Spears,1999,Born to Make You Happy,0.633
35,Montell Jordan,1999,Get It On Tonite,0.813
36,Kylie Minogue,2000,Spinning Around,0.761
37,JAY-Z,1999,Big Pimpin',0.88
38,LeAnn Rimes,2001,I Need You,0.478
39,Avant,2000,Separated,0.798
40,Enrique Iglesias,1999,Be With You,0.683
41,Toni Braxton,2000,He Wasn't Man Enough,0.739
42,Bow Wow,2000,Bounce With Me (feat. Xscape) - Edited Album Version,0.852
43,Dr. Dre,1999,Forgot About Dre,0.924
44,Missy Elliott,1998,Hot Boyz,0.727
45,Backstreet Boys,1999,Show Me the Meaning of Being Lonely,0.63
46,Samantha Mumba,2018,Gotta Tell You,0.729
47,Mýa,2000,Case Of The Ex (Whatcha Gonna Do),0.772
48,Mary Mary,2000,Shackles (Praise You),0.779
49,Next,2004,Wifey,0.829
50,Janet Jackson,2001,Doesn't Really Matter,0.771
51,Ricky Martin,2000,She Bangs - English Version,0.63
52,Jagged Edge,2000,He Can't Love U,0.721
53,Sisqo,1999,Incomplete,0.746
54,JAY-Z,2000,I Just Wanna Love U (Give It 2 Me),0.8
55,Mariah Carey,1999,Thank God I Found You (feat. Joe & 98°),0.348
56,Baha Men,2000,Who Let The Dogs Out,0.869
57,Donell Jones,1999,"U Know What's Up (feat. Lisa ""Left Eye"" Lopes)",0.854
58,LeAnn Rimes,2001,Can't Fight The Moonlight,0.628
59,Oasis,2000,Go Let It Out,0.408
60,DJ Ötzi,2010,Hey Baby (Radio Mix),0.666
61,P!nk,2000,Most Girls,0.742
62,Mariah Carey,2011,Against All Odds (Take A Look at Me Now) (feat. Westlife),0.471
63,Craig David,2000,Fill Me In,0.682
64,Christina Aguilera,1999,I Turn to You,0.599
65,Madonna,2000,American Pie,0.631
66,Red Hot Chili Peppers,1999,Otherside,0.458
67,Sammie,2000,I Like It,0.826
68,Craig David,2000,7 Days,0.659
69,Santana,1999,Maria Maria (feat. The Product G&B),0.777
70,Kandi,2000,Don't Think I'm Not,0.859
71,P!nk,2000,There You Go,0.822
72,Vengaboys,2000,Shalala Lala,0.751
73,Ronan Keating,2000,Life Is A Rollercoaster,0.655
74,Madison Avenue,1999,Don't Call Me Baby,0.808
75,Destiny's Child,1999,"Jumpin', Jumpin'",0.771
76,Céline Dion,1999,That's the Way It Is,0.634
77,3 Doors Down,2000,Kryptonite,0.545
78,Carl Thomas,2000,I Wish,0.736
79,Mystikal,2000,Shake Ya Ass,0.914
80,Fuel,2000,Hemorrhage (In My Hands),0.313
81,Donell Jones,1999,Where I Wanna Be,0.664
82,Savage Garden,1999,Crash and Burn,0.581
83,Westlife,2000,My Love,0.491
84,All Saints,2000,Pure Shores,0.631
85,Destiny's Child,2001,"Independent Women, Pt. 1",0.73
86,*NSYNC,2000,It's Gonna Be Me,0.644
87,Erykah Badu,2000,Bag Lady,0.724
88,Marc Anthony,1999,You Sang To Me,0.578
89,Matchbox Twenty,2000,Bent,0.518
90,Gabrielle,2001,Rise,0.558
91,Backstreet Boys,2000,Shape of My Heart,0.575
92,Creed,1999,With Arms Wide Open,0.41
93,The Corrs,2000,Breathless,0.607
94,Joe,2000,I Wanna Know,0.725
95,Wheatus,1999,Teenage Dirtbag,0.625
96,Christina Aguilera,1999,Come on over Baby (All I Want Is You) - Radio Version,0.829
97,Creed,1999,Higher,0.459
98,Britney Spears,2000,Lucky,0.765
99,Nelly,2000,Country Grammar (Hot Shit),0.865
100,Shaggy,2000,It Wasn't Me,0.853
101,Destiny's Child,2001,Survivor,0.514
102,Eminem,2000,Stan,0.78
103,Kylie Minogue,2001,Can't Get You out of My Head,0.766
104,Christina Aguilera,2001,"Lady Marmalade - From ""Moulin Rouge"" Soundtrack",0.76
105,Nelly Furtado,2000,I'm Like A Bird,0.622
106,Shakira,2001,"Whenever, Wherever",0.794
107,Jimmy Eat World,2001,The Middle,0.643
108,Train,2001,Drops of Jupiter (Tell Me),0.481
109,Geri Halliwell,2001,It's Raining Men,0.637
110,Blu Cantrell,2001,Hit 'Em Up Style (Oops!),0.667
111,Britney Spears,2001,I'm a Slave 4 U,0.847
112,Kylie Minogue,2001,In Your Eyes,0.689
113,Missy Elliott,2001,One Minute Man (feat. Ludacris),0.622
114,Mary J. Blige,2001,Family Affair,0.911
115,Faithless,2015,We Come 1 - Radio Edit,0.645
116,Limp Bizkit,2000,Rollin' (Air Raid Vehicle),0.603
117,Lasgo,2001,Something,0.643
118,iio,2006,Rapture (feat.Nadia Ali),0.661
119,Emma Bunton,2001,What Took You So Long?,0.668
120,112,2001,It's Over Now,0.66
121,Blue,2001,All Rise,0.721
122,Jessica Simpson,2001,Irresistible,0.657
123,Crazy Town,1999,Butterfly,0.736
124,Michael Jackson,2001,You Rock My World,0.854
125,Eve,2001,Let Me Blow Ya Mind,0.908
126,Jennifer Lopez,2001,Ain't It Funny,0.707
127,Brandy,2002,Another Day in Paradise - R&B-Version,0.7
128,Nickelback,2001,How You Remind Me,0.446
129,Daft Punk,2001,One More Time,0.613
130,Outkast,2000,Ms. Jackson,0.843
131,Fragma,2001,Everytime You Need Me - Radio Version,0.682
132,Mariah Carey,2001,Loverboy,0.721
133,Dido,1999,Thank You,0.725
134,Joe,2000,Stutter (feat. Mystikal) - Double Take Remix,0.767
135,P.O.D.,2001,Youth of the Nation,0.563
136,Jennifer Lopez,2001,Play,0.775
137,Missy Elliott,2001,Get Ur Freak On,0.797
138,Ricky Martin,2008,Nobody Wants to Be Lonely (with Christina Aguilera),0.635
139,Christina Milian,2001,AM To PM,0.872
140,Roger Sanchez,2000,Another Chance,0.61
141,Gorillaz,2001,Clint Eastwood,0.663
142,2Pac,2001,Until The End Of Time,0.757
143,Tamia,2000,Stranger in My House,0.676
144,Mary J. Blige,2001,No More Drama,0.653
145,Jennifer Lopez,2001,Love Don't Cost a Thing,0.786
146,Jamiroquai,2001,Little L,0.878
147,Case,2001,Missing You,0.612
148,112,2001,Peaches & Cream,0.677
149,Five,2001,Let's Dance - Radio Edit,0.631
150,Rui Da Silva,2001,Touch Me (Radio Edit) [feat. Cassandra],0.464
151,Alien Ant Farm,2001,Smooth Criminal,0.653
152,Erick Sermon,2001,Music (feat. Marvin Gaye),0.897
153,D12,2001,Purple Pills,0.78
154,Usher,2016,Pop Ya Collar - Radio Edit,0.888
155,Madonna,2000,Don't Tell Me,0.699
156,Blue,2001,If You Come Back,0.582
157,Atomic Kitten,2001,Eternal Flame - Single Version,0.578
158,Jagged Edge,2001,Where the Party At (feat. Nelly),0.596
159,Afroman,2001,Because I Got High,0.802
160,S Club 7,2001,Don't Stop Movin',0.822
161,Craig David,2000,Fill Me In,0.682
162,Nelly Furtado,2000,Turn Off The Light,0.587
163,The Supermen Lovers,2001,Starlight - Radio Edit,0.739
164,Mis-Teeq,2004,All I Want - Sunship Radio Edit,0.795
165,Jagged Edge,2000,Promise,0.751
166,S Club 7,2001,Have You Ever,0.585
167,Enya,2000,Only Time,0.418
168,Faith Hill,2001,There You'll Be,0.321
169,Ronan Keating,2000,Lovin' Each Day,0.541
170,Destiny's Child,2001,Bootylicious,0.84
171,Steps,2000,It's the Way You Make Me Feel,0.573
172,Sunshine Anderson,2001,Heard It All Before,0.697
173,Lenny Kravitz,2000,Again,0.55
174,Daniel Bedingfield,2002,Gotta Get Thru This - D'N'D Radio Edit,0.836
175,DB Boulevard,2018,Point Of View - Radio Edit,0.676
176,Janet Jackson,2001,All For You,0.753
177,Atomic Kitten,2001,Whole Again,0.747
178,Ja Rule,2001,Livin' It Up,0.874
179,Destiny's Child,2001,"Independent Women, Pt. 1",0.73
180,DJ Pied Piper & The Masters Of Ceremonies,2001,Do You Really Like It? - Radio Edit,0.847
181,Jennifer Lopez,2001,I'm Real (feat. Ja Rule) - Murder Remix,0.708
182,Musiq Soulchild,2000,Love,0.569
183,So Solid Crew,2001,21 Seconds,0.607
184,Robbie Williams,2001,Eternity,0.469
185,Basement Jaxx,2001,Romeo,0.713
186,Ludacris,2000,Southern Hospitality (Featuring Pharrell),0.623
187,Gabrielle,2001,Rise,0.558
188,Nelly,2000,Ride Wit Me,0.85
189,Trick Daddy,2001,I'm a Thug,0.933
190,Travis,2001,Sing,0.33
191,JAY-Z,2001,Izzo (H.O.V.A.),0.618
192,Gabrielle,2001,Out Of Reach,0.51
193,OPM,2000,Heaven Is a Halfpipe (If I Die),0.743
194,K-Ci & JoJo,2019,Crazy,0.68
195,Staind,2001,It's Been Awhile,0.509
196,3LW,2000,No More (Baby I'ma Do Right),0.721
197,Ginuwine,2001,Differences,0.562
198,*NSYNC,2001,Gone,0.699
199,Lifehouse,2000,Hanging By A Moment,0.537
200,Nelly,2002,Dilemma,0.727
201,Eminem,2002,Without Me,0.908
202,Avril Lavigne,2002,Complicated,0.585
203,Vanessa Carlton,2002,A Thousand Miles,0.56
204,The Calling,2001,Wherever You Will Go,0.558
205,Shakira,2001,Underneath Your Clothes,0.616
206,No Doubt,2001,Underneath It All,0.729
207,Truth Hurts,2002,Addictive,0.701
208,Busta Rhymes,2002,I Know What You Want (feat. Flipmode Squad),0.648
209,Eminem,2002,'Till I Collapse,0.548
210,Diddy,2004,"I Need a Girl (Pt. 2) [feat. Loon, Ginuwine & Mario Winans]",0.713
211,Christina Milian,2001,When You Look At Me - Radio Edit,0.955
212,Madonna,2003,Die Another Day,0.792
213,Jennifer Lopez,2002,I'm Gonna Be Alright (feat. Nas),0.718
214,Angie Martinez,2019,If I Could Go! (feat. Lil' Mo & Sacario),0.583
215,Linkin Park,2000,In the End,0.556
216,Las Ketchup,2002,The Ketchup Song (Aserejé) - Spanglish Version,0.607
217,Aaliyah,2019,Rock The Boat,0.641
218,Holly Valance,2002,Kiss Kiss,0.705
219,Sugababes,2002,Round Round,0.74
220,Marilyn Manson,2003,Tainted Love,0.622
221,Brandy,2002,What About Us?,0.686
222,Chad Kroeger,2003,Hero (feat. Josey Scott),0.427
223,Britney Spears,2001,Overprotected - Radio Edit,0.682
224,Scooter,2013,The Logical Song,0.527
225,Missy Elliott,2001,4 My People (feat. Eve),0.969
226,Aaliyah,2002,More Than A Woman,0.646
227,Brandy,2002,Full Moon,0.611
228,Blue,2002,One Love,0.683
229,Busta Rhymes,2001,Pass The Courvoisier Part II (feat. P. Diddy & Pharrell) - Remix,0.697
230,Céline Dion,2001,A New Day Has Come - Radio Remix,0.574
231,Scooter,2013,Nessaja,0.486
232,Eve,2002,Gangsta Lovin',0.723
233,Disturbing Tha Peace,2002,Move Bitch,0.777
234,Khia,2015,"My Neck, My Back (Lick It)",0.859
235,Tweet,2002,Oops (Oh My) [feat. Missy Elliott],0.66
236,Kylie Minogue,2000,Spinning Around,0.761
237,Nelly,2002,Hot In Herre,0.956
238,Gareth Gates,2003,Anyone of Us (Stupid Mistake),0.7
239,Christina Aguilera,2002,Dirrty (feat. Redman),0.64
240,B2K,2002,Uh Huh,0.855
241,Sugababes,2002,Freak Like Me,0.517
242,Dirty Vegas,2002,Days Go By,0.786
243,Fat Joe,2001,What's Luv? (feat. Ja-Rule & Ashanti),0.835
244,Liberty X,2019,Just A Little,0.786
245,No Doubt,2001,Hella Good,0.771
246,LL Cool J,2002,Luv U Better,0.668
247,Red Hot Chili Peppers,2002,Can't Stop,0.618
248,Musiq Soulchild,2002,Halfcrazy,0.412
249,Sean Paul,2002,Gimme the Light,0.778
250,Faith Evans,2001,I Love You,0.489
251,Charli Baltimore,2002,Down 4 U,0.64
252,Kylie Minogue,2001,Love at First Sight,0.603
253,N.O.R.E.,2002,Nothin',0.791
254,Gareth Gates,2003,Unchained Melody,0.368
255,Diddy,2005,I Need a Girl (Pt. 1) [feat. Usher & Loon],0.66
256,Big Brovaz,2001,Nu Flow,0.783
257,No Doubt,2001,Hey Baby,0.705
258,Ashanti,2002,Baby,0.567
259,Sophie Ellis-Bextor,2002,Murder On The Dancefloor,0.734
260,Justin Timberlake,2002,Like I Love You,0.853
261,Mary J. Blige,2001,Rainy Dayz,0.412
262,A1,2001,Caught in the Middle,0.519
263,Eminem,2002,Cleanin' Out My Closet,0.908
264,Ashanti,2002,Happy,0.727
265,Delta Goodrem,2003,Born to Try,0.542
266,P!nk,2001,Get the Party Started,0.802
267,Alicia Keys,2001,A Woman's Worth,0.652
268,Daniel Bedingfield,2002,Gotta Get Thru This - D'N'D Radio Edit,0.838
269,Coldplay,2002,Clocks,0.577
270,Missy Elliott,2002,Work It,0.884
271,Ronan Keating,2002,If Tomorrow Never Comes,0.555
272,Big Tymers,2002,Still Fly,0.675
273,Creed,2001,My Sacrifice,0.32
274,Ja Rule,2001,Always On Time,0.839
275,Ashanti,2002,Foolish,0.665
276,Avril Lavigne,2002,Sk8er Boi,0.487
277,DJ Sammy,2002,Heaven,0.571
278,Britney Spears,2001,"I'm Not a Girl, Not Yet a Woman",0.534
279,Cam’ron,2002,Oh Boy,0.754
280,Red Hot Chili Peppers,2002,By the Way,0.451
281,Elvis Presley,2002,A Little Less Conversation - JXL Radio Edit Remix,0.597
282,Atomic Kitten,2002,The Tide Is High - Radio Mix,0.783
283,*NSYNC,2001,Girlfriend,0.745
284,Robbie Williams,2001,Somethin' Stupid,0.654
285,Alanis Morissette,2002,Hands Clean,0.513
286,Usher,2001,U Don't Have to Call,0.793
287,Creed,2015,One Last Breath - Radio Version,0.38
288,The Goo Goo Dolls,2002,Here Is Gone,0.338
289,Puddle Of Mudd,2001,She Hates Me,0.58
290,Ludacris,2001,Rollout (My Business),0.921
291,Blazin' Squad,2012,Crossroads - Radio Edit,0.661
292,Default,2001,Wasting My Time,0.443
293,Michelle Branch,2001,All You Wanted,0.499
294,Daniel Bedingfield,2002,If You're Not The One,0.688
295,Enrique Iglesias,2001,Escape,0.776
296,Puddle Of Mudd,2001,Blurry,0.432
297,Coldplay,2002,In My Place,0.424
298,Outkast,2001,The Whole World (feat. Killer Mike),0.814
299,P!nk,2001,Don't Let Me Get Me - Radio Edit,0.624
300,50 Cent,2003,In Da Club,0.899
301,Sean Paul,2002,Get Busy,0.735
302,Eminem,2004,"Lose Yourself - From ""8 Mile"" Soundtrack",0.686
303,Beyoncé,2003,Crazy In Love (feat. Jay-Z),0.646
304,Counting Crows,2003,Big Yellow Taxi,0.669
305,Black Eyed Peas,2003,Where Is The Love?,0.835
306,Jennifer Lopez,2002,Jenny from the Block (feat. Jadakiss & Styles P.) - Track Masters Remix,0.845
307,Black Eyed Peas,2003,Shut Up,0.81
308,t.A.T.u.,2020,All The Things She Said,0.527
309,Benny Benassi,2003,Satisfaction (Isak Original Extended) - Benny Benassi Presents The Biz,0.793
310,Busta Rhymes,2002,I Know What You Want (feat. Flipmode Squad),0.648
311,Panjabi MC,2003,Mundian to Bach Ke,0.778
312,Mis-Teeq,2004,Scandalous - U.S. Radio Edit,0.734
313,JAY-Z,2002,03' Bonnie & Clyde,0.759
314,50 Cent,2003,P.I.M.P.,0.712
315,Jamelia,2003,Superstar,0.801
316,Linkin Park,2003,Faint,0.554
317,DMX,2007,X Gon' Give It To Ya,0.761
318,Evanescence,2003,Bring Me To Life,0.331
319,Sugababes,2003,Hole In The Head,0.785
320,Craig David,2002,Rise & Fall (feat. Sting),0.405
321,Three Days Grace,2003,I Hate Everything About You,0.498
322,Lil Jon & The East Side Boyz,2002,Get Low,0.78
323,B2K,2003,"Bump, Bump, Bump (feat. P. Diddy)",0.835
324,Baby Bash,2003,Suga Suga,0.662
325,Aaliyah,2002,Miss You - Main,0.602
326,Britney Spears,2003,Me Against the Music (feat. Madonna) - LP Version / Video Mix,0.804
327,Blue,2004,Sorry Seems To Be The Hardest Word,0.564
328,Delta Goodrem,2003,Lost Without You,0.581
329,Justin Timberlake,2002,Rock Your Body,0.892
330,The White Stripes,2003,Seven Nation Army,0.741
331,Youngbloodz,2003,Damn! (feat. Lil' Jon) - Club Mix,0.772
332,Beyoncé,2003,Baby Boy (feat. Sean Paul),0.655
333,Lil' Kim,2019,Magic Stick,0.849
334,Christina Aguilera,2002,Can't Hold Us Down (feat. Lil' Kim),0.859
335,Nickelback,2003,Someday,0.455
336,Blue,2003,U Make Me Wanna - Radio Edit,0.6
337,Ashanti,2003,Rain On Me,0.606
338,Trapt,2002,Headstrong,0.492
339,Simply Red,2008,Sunrise,0.791
340,Lumidee,2003,"Never Leave You (Uh Oooh, Uh Oooh)",0.811
341,Girls Aloud,2003,Sound Of The Underground,0.568
342,Nelly,2016,Shake Ya Tailfeather (feat. P. Diddy & Murphy Lee) - 2016 Remaster,0.527
343,Room 5,2003,Make Luv,0.883
344,Fatman Scoop,2009,Be Faithful,0.649
345,Limp Bizkit,2003,Behind Blue Eyes,0.595
346,Sugababes,2003,Too Lost In You,0.586
347,50 Cent,2003,"Wanksta - From ""8 Mile"" Soundtrack",0.802
348,Pharrell Williams,2003,Frontin' (feat. Jay-Z) - Club Mix,0.894
349,Chingy,2003,Right Thurr,0.866
350,Eminem,2002,Sing For The Moment,0.668
351,Lil' Kim,2003,The Jump Off (feat. Mr. Cheeks) - Remix,0.853
352,Mýa,2003,My Love Is Like...Wo - Main Mix,0.831
353,50 Cent,2003,21 Questions,0.646
354,Nelly,2002,Air Force Ones,0.784
355,Missy Elliott,2002,Gossip Folks (feat. Ludacris),0.707
356,Girls Aloud,2003,Jump,0.658
357,Ultrabeat,2003,Pretty Green Eyes - Radio Edit,0.553
358,Christina Aguilera,2002,Fighter,0.435
359,Frankie J,2003,Don't Wanna Try,0.655
360,Snoop Dogg,2005,Beautiful,0.893
361,Floetry,2002,Say Yes,0.747
362,Ginuwine,2003,In Those Jeans,0.691
363,Electric Six,2003,Danger! High Voltage - Soulchild Radio Mix,0.66
364,Rachel Stevens,2003,Sweet Dreams My LA Ex - Radio Edit,0.85
365,Ludacris,2003,Stand Up,0.751
366,Nas,2002,I Can,0.837
367,3 Doors Down,2002,When I'm Gone,0.53
368,Tyrese,2002,How You Gonna Act Like That,0.733
369,Justin Timberlake,2002,Cry Me a River,0.624
370,Westlife,2003,Mandy,0.447
371,No Doubt,2003,It's My Life,0.612
372,Amanda Perez,2003,Angel,0.638
373,JAY-Z,2002,Excuse Me Miss,0.714
374,Coldplay,2002,Clocks,0.577
375,Kelly Rowland,2002,Stole,0.649
376,Missy Elliott,2002,Work It,0.884
377,Ashanti,2003,Rock Wit U (Awww Baby),0.71
378,Junior Senior,2002,Move Your Feet,0.747
379,Audioslave,2002,Like a Stone,0.614
380,Sean Paul,2002,Like Glue,0.757
381,Jaheim,2002,Put That Woman First,0.649
382,Jennifer Lopez,2002,All I Have (feat. LL Cool J),0.701
383,Monica,2003,So Gone,0.618
384,Dido,2003,White Flag,0.512
385,The Roots,2002,The Seed (2.0),0.758
386,Chingy,2003,Holidae In,0.81
387,Fabolous,2003,Can't Let You Go (feat. Mike Shorey & Lil' Mo),0.646
388,Kelly Clarkson,2003,Miss Independent,0.656
389,Ja Rule,2002,Mesmerize,0.769
390,Matchbox Twenty,2002,Unwell,0.256
391,Outkast,2003,The Way You Move (feat. Sleepy Brown),0.871
392,Fabolous,2003,Into You (feat. Tamia),0.546
393,Switchfoot,2003,Meant to Live,0.397
394,Daniel Bedingfield,2002,If You're Not The One,0.688
395,Good Charlotte,2002,Lifestyles of the Rich & Famous,0.62
396,Wayne Wonder,2003,No Letting Go,0.496
397,The Strokes,2003,Reptilia,0.489
398,Avril Lavigne,2002,I'm with You,0.457
399,Will Young,2003,Leave Right Now,0.641
400,Usher,2004,Yeah! (feat. Lil Jon & Ludacris),0.894
401,Maroon 5,2002,This Love,0.712
402,Britney Spears,2003,Toxic,0.774
403,Outkast,2003,Hey Ya!,0.727
404,Hoobastank,2003,The Reason,0.472
405,Anastacia,2004,Left Outside Alone,0.663
406,Daddy Yankee,2004,Gasolina,0.857
407,Black Eyed Peas,2004,Let's Get It Started - Spike Mix,0.785
408,O-Zone,2004,Dragostea Din Tei,0.809
409,Terror Squad,2004,Lean Back,0.783
410,Anastacia,1999,Sick and Tired,0.598
411,Gwen Stefani,2004,What You Waiting For?,0.676
412,Ashanti,2004,Only U - No Intro,0.601
413,The Rasmus,2003,In the Shadows,0.6
414,Houston,2004,I Like That,0.797
415,Beyoncé,2003,Naughty Girl,0.735
416,Linkin Park,2003,Numb,0.496
417,Lloyd Banks,2004,On Fire,0.759
418,Akon,2004,Locked Up,0.818
419,D12,2004,My Band,0.851
420,Jay Sean,2004,Eyes On You - Radio Mix,0.802
421,Mario Winans,2016,I Don't Wanna Know (feat. Enya & P. Diddy) - 2016 Remaster,0.833
422,Destiny's Child,2004,Lose My Breath,0.814
423,Eric Prydz,2004,Call on Me - Radio Mix,0.597
424,Ciara,2004,Goodies (feat. Petey Pablo),0.826
425,Kelis,2003,Trick Me,0.97
426,LL Cool J,2004,Headsprung,0.718
427,Spiderbait,2004,Black Betty - Edit,0.562
428,George Michael,2004,Amazing,0.805
429,Britney Spears,2004,My Prerogative,0.749
430,Nina Sky,2004,Move Ya Body,0.87
431,Baby Bash,2003,Suga Suga,0.662
432,Petey Pablo,2003,Freek-A-Leek,0.737
433,JAY-Z,2003,Dirt Off Your Shoulder,0.779
434,Juanes,2004,La Camisa Negra,0.751
435,Avril Lavigne,2004,Nobody's Home,0.348
436,Robbie Williams,2004,Radio,0.607
437,Black Eyed Peas,2003,Hey Mama,0.86
438,Ying Yang Twins,2003,Salt Shaker,0.884
439,Enrique Iglesias,2003,Not In Love - Radio Mix,0.762
440,Kelis,2003,Milkshake,0.881
441,Linkin Park,2003,Breaking the Habit,0.579
442,JoJo,2005,Leave (Get Out) - Radio Edit,0.656
443,Christina Milian,2004,Dip It Low,0.752
444,Avant,2003,Read Your Mind,0.755
445,Eminem,2004,Just Lose It,0.94
446,Sugababes,2003,Too Lost In You,0.586
447,Snoop Dogg,2004,Drop It Like It's Hot,0.892
448,Sean Paul,2002,I'm Still in Love with You (feat. Sasha),0.765
449,The Shapeshifters,2004,Lola's Theme - Radio Edit,0.748
450,D12,2004,How Come,0.745
451,Basement Jaxx,2003,Good Luck,0.571
452,Kevin Lyttle,2004,Turn Me On,0.677
453,Chingy,2003,One Call Away,0.765
454,T.I.,2004,Bring Em Out,0.759
455,DJ Casper,2004,Cha Cha Slide - Hardino Mix,0.853
456,Kylie Minogue,2004,I Believe in You,0.548
457,Twista,2004,Overnight Celebrity,0.828
458,N.E.R.D,2004,She Wants To Move,0.766
459,Britney Spears,2003,Everytime,0.398
460,U2,2004,Vertigo,0.416
461,Franz Ferdinand,2004,Take Me Out,0.277
462,J-Kwon,2001,Tipsy - Club Mix,0.925
463,G-Unit,2003,Wanna Get To Know You,0.513
464,Lil' Flip,2004,Sunshine (feat. Lea),0.814
465,Kanye West,2004,Jesus Walks,0.637
466,Evanescence,2003,My Immortal,0.19
467,Nelly,2004,My Place,0.6
468,Lemar,2004,If There's Any Justice,0.706
469,No Doubt,2003,It's My Life,0.612
470,Avril Lavigne,2004,Don't Tell Me,0.523
471,Twista,2004,Slow Jamz,0.559
472,Green Day,2004,American Idiot,0.38
473,Kelis,2003,Millionaire,0.68
474,Scissor Sisters,2004,Comfortably Numb,0.803
475,Alicia Keys,2003,Diary (feat. Tony! Toni! Tone! & Jermaine Paul),0.663
476,Kanye West,2004,Through The Wire,0.571
477,Special D.,2004,Come With Me - Radio Edit,0.739
478,Ludacris,2003,Splash Waterfalls,0.734
479,Avril Lavigne,2004,My Happy Ending,0.414
480,Dido,2003,White Flag,0.512
481,Eamon,2004,Fuck It (I Don't Want You Back),0.828
482,Beyoncé,2003,"Me, Myself and I",0.75
483,3 Doors Down,2002,Here Without You,0.557
484,Kanye West,2004,All Falls Down,0.657
485,Twista,2004,Sunshine (feat. Anthony Hamilton),0.926
486,Katie Melua,2003,The Closest Thing to Crazy,0.562
487,Usher,2004,My Boo,0.662
488,Lloyd,2004,Southside,0.688
489,LMC,2004,Take Me To The Clouds Above - LMC Vs. U2 / Radio Edit,0.668
490,The Streets,2004,Fit but You Know It,0.68
491,JUVENILE,2003,Slow Motion,0.713
492,Outkast,2003,The Way You Move (feat. Sleepy Brown),0.871
493,Girls Aloud,2004,Love Machine,0.663
494,Jessica Simpson,2003,With You,0.553
495,Eminem,2004,Like Toy Soldiers,0.52
496,Gary Jules,2001,Mad World (Feat. Michael Andrews),0.345
497,Ashlee Simpson,2004,Pieces Of Me,0.505
498,Will Young,2003,Leave Right Now,0.641
499,Alicia Keys,2003,You Don't Know My Name,0.264
500,Mariah Carey,2005,We Belong Together,0.84
501,Mario,2004,Let Me Love You,0.656
502,Kanye West,2005,Gold Digger,0.629
503,Rihanna,2005,Pon de Replay,0.779
504,50 Cent,2005,Candy Shop,0.614
505,James Blunt,2005,You're Beautiful,0.675
506,Green Day,2004,Boulevard of Broken Dreams,0.49
507,The Pussycat Dolls,2005,Don't Cha,0.875
508,Daniel Powter,2005,Bad Day,0.599
509,Akon,2004,Bananza (Belly Dancer),0.878
510,Madonna,2005,Hung Up,0.649
511,50 Cent,2005,Just A Lil Bit,0.489
512,Crazy Frog,2005,Axel F,0.86
513,Eminem,2004,Ass Like That,0.646
514,Sean Paul,2005,We Be Burnin',0.95
515,Gwen Stefani,2004,Rich Girl,0.856
516,The Chemical Brothers,2005,Galvanize,0.745
517,Fort Minor,2005,Remember the Name (feat. Styles of Beyond),0.688
518,50 Cent,2005,Disco Inferno,0.925
519,The Game,2005,How We Do,0.862
520,Chris Brown,2005,Run It! (feat. Juelz Santana),0.846
521,Mariah Carey,2005,It's Like That,0.8
522,Black Eyed Peas,2005,My Humps,0.802
523,Ciara,2004,Oh (feat. Ludacris),0.8
524,50 Cent,2005,Outta Control - Remix,0.772
525,Baby Bash,2005,"Baby, I'm Back",0.899
526,Jennifer Lopez,2005,Get Right,0.741
527,JAY-Z,2004,Numb / Encore,0.687
528,The Game,2005,Hate It Or Love It,0.802
529,Gorillaz,2005,Feel Good Inc.,0.818
530,Black Eyed Peas,2005,Don't Phunk With My Heart,0.69
531,Akon,2004,Lonely,0.629
532,Bodyrockers,2005,I Like The Way - Radio Edit,0.642
533,Sugababes,2005,Push The Button,0.962
534,Jeezy,2005,Soul Survivor,0.684
535,Eminem,2004,Mockingbird,0.637
536,Shakira,2005,La Tortura (feat. Alejandro Sanz),0.74
537,Gorillaz,2005,DARE,0.76
538,Snoop Dogg,2004,Signs,0.94
539,Robbie Williams,2005,Tripping,0.666
540,David Banner,2005,Play,0.837
541,Trillville,2004,Some Cut,0.9
542,D4L,2005,Laffy Taffy,0.891
543,Missy Elliott,2005,Lose Control (feat. Ciara & Fat Man Scoop),0.904
544,Rob Thomas,2005,Lonely No More,0.551
545,Brian McFadden,2004,Almost Here,0.561
546,Bobby V.,2005,"Slow Down - 12"" Version",0.568
547,Backstreet Boys,2005,Incomplete,0.437
548,Pretty Ricky,2005,Grind With Me,0.7
549,Kanye West,2005,Diamonds From Sierra Leone - Remix,0.672
550,Snoop Dogg,2004,Drop It Like It's Hot,0.892
551,Fat Joe,2005,Get It Poppin' (feat. Nelly) - Radio Version,0.905
552,Destiny's Child,2004,Soldier (feat. T.I. & Lil' Wayne),0.878
553,Ciara,2005,"1, 2 Step (feat. Missy Elliott) - Main",0.939
554,Amerie,2008,1 Thing,0.636
555,Ludacris,2004,Get Back,0.555
556,Franz Ferdinand,2005,Do You Want To,0.412
557,Natalie Imbruglia,2005,Shiver,0.489
558,Gwen Stefani,2004,Hollaback Girl,0.926
559,Pretty Ricky,2005,Your Body,0.838
560,Thirty Seconds To Mars,2005,The Kill,0.179
561,Alicia Keys,2003,Karma,0.727
562,2Pac,2004,Ghetto Gospel,0.794
563,Craig David,2005,Don't Love You No More (I'm Sorry),0.636
564,Katie Melua,2005,Nine Million Bicycles,0.534
565,Lil Jon & The East Side Boyz,2004,Lovers And Friends,0.675
566,Mariah Carey,2005,Don't Forget About Us - Radio Edit,0.7
567,Ying Yang Twins,2005,Wait (The Whisper Song),0.933
568,Will Smith,2020,Switch,0.873
569,Bow Wow,2005,Like You (feat. Ciara),0.714
570,Kaiser Chiefs,2005,Everyday I Love You Less And Less,0.49
571,Kelly Clarkson,2004,Behind These Hazel Eyes,0.548
572,Black Eyed Peas,2005,Don't Lie,0.662
573,Westlife,2005,You Raise Me Up,0.129
574,Ray J,2005,One Wish,0.525
575,Papa Roach,2004,Scars,0.455
576,Arctic Monkeys,2006,I Bet You Look Good On The Dancefloor,0.535
577,Shayne Ward,2006,That's My Goal,0.286
578,Bow Wow,2005,Let Me Hold You (feat. Omarion),0.815
579,Kaiser Chiefs,2005,I Predict A Riot,0.395
580,Usher,2004,Caught Up,0.817
581,Kelly Clarkson,2004,Because of You,0.587
582,3 Doors Down,2012,Let Me Go,0.478
583,Nickelback,2005,Photograph,0.515
584,T-Pain,2005,I'm Sprung,0.722
585,Destiny's Child,2004,Cater 2 U,0.605
586,The Pussycat Dolls,2005,Stickwitu,0.548
587,Ryan Cabrera,2004,True,0.598
588,Stereophonics,2005,Dakota,0.506
589,Eminem,2004,Like Toy Soldiers,0.52
590,Nelly,2004,Over And Over,0.644
591,Coldplay,2005,Speed of Sound,0.514
592,KT Tunstall,2005,Suddenly I See,0.587
593,Destiny's Child,2004,Girl,0.567
594,Kelly Clarkson,2004,Since U Been Gone,0.662
595,U2,2004,Sometimes You Can't Make It On Your Own,0.53
596,The All-American Rejects,2005,Dirty Little Secret,0.469
597,Toby Keith,2005,As Good As I Once Was,0.68
598,Gwen Stefani,2004,Cool,0.709
599,Foo Fighters,2005,Best of You,0.366
600,Shakira,2005,Hips Don't Lie (feat. Wyclef Jean),0.778
601,Sean Paul,2005,Temperature,0.951
602,Justin Timberlake,2006,SexyBack (feat. Timbaland),0.967
603,Beyoncé,2007,Irreplaceable,0.447
604,Amy Winehouse,2006,Rehab,0.407
605,Rihanna,2006,SOS,0.677
606,Gnarls Barkley,2006,Crazy,0.855
607,Busta Rhymes,2006,Touch It,0.658
608,Nelly Furtado,2006,Maneater,0.796
609,Bob Sinclar,2006,Rock This Party - Everybody Dance Now,0.893
610,Diddy,2006,Come to Me (feat. Nicole Scherzinger),0.819
611,Madonna,2005,Sorry,0.589
612,Chamillionaire,2005,Ridin',0.787
613,Black Eyed Peas,2005,Pump It,0.648
614,Nelly Furtado,2006,Promiscuous,0.808
615,Fedde Le Grand,2015,Put Your Hands Up for Detroit - Radio Edit,0.814
616,Sean Paul,2006,(When You Gonna) Give It Up to Me (feat. Keyshia Cole) - Radio Version,0.711
617,The Pussycat Dolls,2005,Buttons,0.565
618,Ciara,2006,Get Up (feat. Chamillionaire),0.964
619,Eminem,2005,Shake That,0.963
620,Cherish,2006,Do It To It,0.826
621,Muse,2006,Supermassive Black Hole,0.668
622,Chris Brown,2005,Gimme That,0.678
623,Infernal,2004,From Paris to Berlin,0.741
624,Cassie,2006,Me & U,0.803
625,E-40,2006,U and Dat (feat. T. Pain & Kandi Girl),0.858
626,The Pussycat Dolls,2005,Beep,0.938
627,Lil Jon,2006,Snap Yo Fingers,0.835
628,Armand Van Helden,2006,My My My - Radio Edit,0.678
629,The Notorious B.I.G.,2005,"Nasty Girl (feat. Diddy, Nelly, Jagged Edge & Avery Storm) - 2005 Remaster",0.833
630,Yung Joc,2006,It's Goin' Down (feat. Nitti),0.888
631,Shayne Ward,2006,No Promises,0.5
632,Justin Timberlake,2006,My Love (feat. T.I.),0.771
633,Nickelback,2005,Savin' Me,0.441
634,Nelly,2005,Grillz,0.867
635,Take That,2006,Patience,0.309
636,Fergie,2006,London Bridge,0.769
637,Cascada,2011,Everytime We Touch - Radio Edit,0.64
638,D4L,2005,Laffy Taffy,0.891
639,LL Cool J,2006,Control Myself,0.825
640,Beyoncé,2007,Deja Vu (feat. Jay-Z),0.644
641,P!nk,2006,Stupid Girls,0.683
642,Eminem,2005,When I'm Gone,0.618
643,Kelis,2006,Bossy,0.906
644,Bob Sinclar,2005,Love Generation - Radio Edit,0.715
645,Meck,2005,Thunder in My Heart Again (Radio Edit),0.679
646,Mary J. Blige,2005,Be Without You - Kendu Mix,0.726
647,Girls Aloud,2012,Something Kinda Ooooh,0.681
648,Rihanna,2006,Unfaithful,0.588
649,Kanye West,2005,Touch The Sky,0.552
650,Dem Franchize Boyz,2006,"Lean Wit It, Rock Wit It",0.886
651,Evanescence,2006,Call Me When You're Sober,0.45
652,Chingy,2006,Pullin' Me Back,0.786
653,Nickelback,2005,Far Away,0.518
654,Fall Out Boy,2005,"Dance, Dance",0.622
655,Leona Lewis,2007,A Moment Like This,0.261
656,T.I.,2006,What You Know,0.551
657,Ludacris,2006,Money Maker,0.551
658,Nick Lachey,2006,What's Left Of Me,0.42
659,Jibbs,2006,Chain Hang Low,0.792
660,Arctic Monkeys,2006,When The Sun Goes Down,0.348
661,Rascal Flatts,2006,Life is a Highway,0.561
662,Beyoncé,2006,Check On It (feat. Slim Thug),0.7
663,Keyshia Cole,2005,Love,0.688
664,Lily Allen,2006,Smile,0.632
665,Ne-Yo,2006,Sexy Love,0.693
666,JoJo,2006,Too Little Too Late,0.535
667,Mary J. Blige,2005,One,0.344
668,Bubba Sparxxx,2005,Ms. New Booty,0.64
669,Amy Winehouse,2006,You Know I'm No Good,0.705
670,Rascal Flatts,2006,What Hurts The Most,0.537
671,Red Hot Chili Peppers,2006,Dani California,0.556
672,Scissor Sisters,2006,I Don't Feel Like Dancin',0.707
673,Ne-Yo,2006,So Sick,0.452
674,Hinder,2019,Lips Of An Angel,0.474
675,The Raconteurs,2006,"Steady, As She Goes",0.525
676,The Fratellis,2006,Chelsea Dagger,0.511
677,Fort Minor,2005,Where'd You Go (feat. Holly Brook & Jonah Matranga),0.684
678,The Pussycat Dolls,2005,Stickwitu,0.548
679,Panic! At The Disco,2005,I Write Sins Not Tragedies,0.566
680,James Blunt,2005,Goodbye My Lover,0.432
681,Christina Aguilera,2006,Ain't No Other Man,0.862
682,Westlife,2006,The Rose,0.272
683,Keane,2006,Is It Any Wonder?,0.489
684,Orson,2006,No Tomorrow,0.656
685,T-Pain,2005,I'm N Luv (Wit a Stripper) (feat. Mike Jones),0.731
686,KT Tunstall,2005,Black Horse And The Cherry Tree,0.748
687,Natasha Bedingfield,2004,Unwritten,0.706
688,Razorlight,2006,America,0.447
689,James Morrison,2006,You Give Me Something,0.559
690,Snow Patrol,2006,You're All I Have,0.467
691,The Fray,2005,How to Save a Life,0.64
692,Sandi Thom,2006,I Wish I Was a Punk Rocker (with Flowers in My Hair),0.7
693,My Chemical Romance,2006,Welcome to the Black Parade,0.217
694,Razorlight,2006,In The Morning,0.616
695,The All-American Rejects,2005,Dirty Little Secret,0.469
696,James Morrison,2006,Wonderful World,0.474
697,Chris Brown,2005,Yo (Excuse Me Miss),0.536
698,P!nk,2006,Who Knew,0.688
699,The Kooks,2006,Naive,0.391
700,Leona Lewis,2007,Bleeding Love,0.638
701,Rihanna,2008,Umbrella,0.583
702,Britney Spears,2007,Gimme More,0.788
703,Fergie,2006,Big Girls Don't Cry (Personal),0.708
704,Mark Ronson,2007,Valerie (feat. Amy Winehouse) - Version Revisited,0.698
705,Plain White T's,2005,Hey There Delilah,0.656
706,Justin Timberlake,2006,What Goes Around.../...Comes Around (Interlude),0.687
707,Gwen Stefani,2006,The Sweet Escape,0.756
708,Timbaland,2007,The Way I Are,0.731
709,Nelly Furtado,2006,Say It Right,0.872
710,Ida Corr,2012,Let Me Think About It,0.762
711,Alex Gaudino,2007,Destination Calabria - Radio Edit,0.627
712,September,2007,Cry for You,0.767
713,Akon,2006,Smack That,0.94
714,Timbaland,2007,Give It To Me,0.975
715,50 Cent,2007,Ayo Technology,0.63
716,Eric Prydz,2007,Proper Education - Radio Edit,0.537
717,Fedde Le Grand,2015,Put Your Hands Up For Detroit - Radio Edit,0.827
718,Ciara,2006,Like a Boy,0.701
719,Kanye West,2007,Stronger,0.617
720,Beyoncé,2007,Beautiful Liar,0.764
721,Gym Class Heroes,2007,Cupid's Chokehold / Breakfast in America - Radio Mix,0.584
722,Akon,2006,I Wanna Love You,0.865
723,Soulja Boy,2007,Crank That (Soulja Boy),0.736
724,Fat Joe,2006,Make It Rain,0.744
725,P!nk,2006,U + Ur Hand,0.709
726,Rihanna,2008,Shut Up And Drive,0.735
727,Lloyd,2007,Get It Shawty,0.822
728,Kanye West,2007,Can't Tell Me Nothing,0.596
729,Camille Jones,2006,The Creeps - Fedde Le Grand Radio Mix,0.847
730,Linkin Park,2007,What I've Done,0.623
731,Keyshia Cole,2007,Last Night,0.918
732,Chris Brown,2007,Kiss Kiss (feat. T-Pain),0.729
733,Shop Boyz,2007,Party Like A Rock Star,0.619
734,Finger Eleven,2007,Paralyzer,0.644
735,Justin Timberlake,2006,Summer Love,0.606
736,MiMS,2007,This Is Why I'm Hot,0.621
737,Fabolous,2007,Make Me Better,0.607
738,Seether,2007,Fake It,0.611
739,Take That,2006,Patience,0.309
740,Arctic Monkeys,2007,Brianstorm,0.42
741,Justin Timberlake,2006,My Love (feat. T.I.),0.771
742,Fergie,2006,Glamorous,0.811
743,Linkin Park,2007,Bleed It Out,0.529
744,My Chemical Romance,2006,Teenagers,0.463
745,Calvin Harris,2007,Acceptable in the 80's,0.787
746,Sugababes,2007,About You Now,0.584
747,Avril Lavigne,2007,Girlfriend,0.56
748,Ne-Yo,2007,Because Of You,0.81
749,Daughtry,2016,It's Not Over,0.45
750,Unk,2013,Walk It Out,0.794
751,Lloyd,2007,You,0.412
752,Klaxons,2007,Golden Skans,0.463
753,T-Pain,2007,Bartender (feat. Akon),0.675
754,Baby Boy Da Prince,2006,The Way I Live - Main Explicit,0.88
755,Fergie,2006,Fergalicious,0.906
756,Omarion,2006,Ice Box,0.775
757,Pretty Ricky,2007,On the Hotline - Amended Version,0.704
758,Nickelback,2005,Rockstar,0.616
759,Fall Out Boy,2007,Thnks fr th Mmrs,0.459
760,Justin Timberlake,2006,LoveStoned / I Think She Knows (Interlude),0.859
761,All Time Low,2007,"Dear Maria, Count Me In",0.459
762,Amy Winehouse,2006,Back To Black,0.403
763,Keyshia Cole,2007,Let It Go,0.808
764,Ciara,2006,Promise,0.697
765,Enrique Iglesias,2007,Do You Know? (The Ping Pong Song),0.753
766,T2,2017,Heartbroken - Edit,0.716
767,Robyn,2005,With Every Heartbeat,0.477
768,Maroon 5,2007,Makes Me Wonder,0.803
769,Fall Out Boy,2007,"This Ain't A Scene, It's An Arms Race",0.435
770,Paramore,2007,Misery Business,0.517
771,Hinder,2019,Better Than Me,0.451
772,Huey,2006,"Pop, Lock & Drop It - Video Edit",0.723
773,Foo Fighters,2007,The Pretender,0.433
774,Plies,2007,Shawty (feat. T Pain),0.444
775,Kaiser Chiefs,2007,Ruby,0.451
776,Mark Ronson,2007,Stop Me (feat. Daniel Merriweather),0.626
777,Bow Wow,2006,Outta My System (feat. T-Pain & Johntá Austin),0.772
778,Jim Jones,2006,We Fly High,0.685
779,The Red Jumpsuit Apparatus,2006,Face Down,0.545
780,MIKA,2006,Grace Kelly,0.675
781,Christina Aguilera,2006,Candyman,0.686
782,Sean Kingston,2007,Beautiful Girls,0.762
783,Akon,2006,Don't Matter,0.801
784,James Blunt,2007,1973,0.72
785,Carrie Underwood,2005,Before He Cheats,0.519
786,Just Jack,2006,Starz In Their Eyes,0.67
787,T-Pain,2007,Buy U a Drank (Shawty Snappin') (feat. Yung Joc),0.451
788,Bone Thugs-N-Harmony,2007,I Tried,0.727
789,Avril Lavigne,2007,When You're Gone,0.457
790,Rich Boy,2007,Throw Some D's,0.697
791,MIKA,2006,Love Today,0.673
792,Manic Street Preachers,2007,Your Love Alone Is Not Enough (feat. Nina Persson),0.344
793,Elliott Yamin,2007,Wait for You,0.764
794,Wyclef Jean,2007,"Sweetest Girl (Dollar Bill) (feat. Akon, Lil' Wayne & Niia)",0.733
795,Boys Like Girls,2007,The Great Escape,0.423
796,Take That,2007,Rule The World - Radio Edit,0.357
797,J. Holiday,2007,Bed,0.684
798,Red Hot Chili Peppers,2006,Snow (Hey Oh),0.427
799,Ludacris,2006,Runaway Love,0.405
800,Flo Rida,2008,Low (feat. T-Pain),0.918
801,Katy Perry,2008,I Kissed A Girl,0.699
802,Rihanna,2008,Take A Bow,0.697
803,Alicia Keys,2007,No One,0.644
804,Timbaland,2007,Apologize,0.653
805,Ne-Yo,2008,Miss Independent,0.668
806,Chris Brown,2007,With You,0.662
807,Beyoncé,2008,If I Were a Boy,0.632
808,Kardinal Offishall,2008,Dangerous,0.949
809,Madcon,2007,Beggin (original version),0.715
810,September,2007,Cry for You,0.767
811,Rihanna,2008,Disturbia,0.707
812,Guru Josh Project,2011,Infinity 2008,0.493
813,Britney Spears,2007,Break the Ice,0.712
814,Lil Wayne,2008,Lollipop,0.829
815,Basshunter,2008,Now You're Gone - Video Edit,0.639
816,Kanye West,2007,Flashing Lights,0.639
817,Madonna,2009,4 Minutes (feat. Justin Timberlake & Timbaland),0.753
818,Katy Perry,2008,Hot N Cold,0.706
819,Rihanna,2008,Don't Stop The Music,0.835
820,Snoop Dogg,2007,Sensual Seduction,0.756
821,Akon,2008,Right Now (Na Na Na),0.83
822,Britney Spears,2008,Womanizer,0.724
823,Eric Prydz,2008,Pjanoo - Radio Edit,0.605
824,Kelly Rowland,2010,Work,0.888
825,Jeezy,2008,Put On,0.654
826,Madonna,2008,Give It 2 Me,0.837
827,The Pussycat Dolls,2008,When I Grow Up,0.671
828,will.i.am,2007,Heartbreaker,0.788
829,Soulja Boy,2007,Crank That (Soulja Boy),0.736
830,Britney Spears,2007,Piece of Me,0.769
831,T.I.,2008,Live Your Life,0.375
832,Ne-Yo,2008,Closer,0.709
833,Lil Wayne,2008,A Milli,0.674
834,Colby O'Donis,2008,What You Got,0.775
835,Miley Cyrus,2007,See You Again,0.692
836,Basshunter,2008,All I Ever Wanted - Radio Edit,0.645
837,Chris Brown,2007,Kiss Kiss (feat. T-Pain),0.729
838,Finger Eleven,2007,Paralyzer,0.644
839,Alesha Dixon,2008,The Boy Does Nothing,0.632
840,Dizzee Rascal,2011,Dance Wiv Me - Radio Edit,0.878
841,Gabriella Cilmi,2008,Sweet About Me,0.671
842,Jack White,2007,Another Way to Die,0.486
843,Plies,2007,Hypnotized (feat. Akon),0.84
844,The Pussycat Dolls,2008,I Hate This Part,0.756
845,Sean Kingston,2008,Take You There,0.752
846,Natasha Bedingfield,2008,Pocketful of Sunshine,0.726
847,The Offspring,2008,"You're Gonna Go Far, Kid",0.55
848,Kanye West,2007,Homecoming,0.667
849,Estelle,2008,American Boy,0.727
850,Saving Abel,2008,Addicted,0.512
851,Pendulum,2008,Propane Nightmares,0.356
852,The Game,2008,My Life,0.673
853,Danity Kane,2008,Damaged,0.774
854,P!nk,2008,So What,0.534
855,Kanye West,2008,Love Lockdown,0.76
856,Gym Class Heroes,2008,Cookie Jar (feat. The-Dream),0.687
857,M.I.A.,2007,Paper Planes,0.447
858,3 Doors Down,2008,It's Not My Time,0.529
859,Kylie Minogue,2007,Wow,0.654
860,Mariah Carey,2008,Touch My Body,0.715
861,MGMT,2007,Kids,0.451
862,The Ting Tings,2007,Shut Up and Let Me Go,0.852
863,Lil Wayne,2008,Got Money,0.694
864,Santana,2007,Into the Night (feat. Chad Kroeger),0.595
865,The-Dream,2007,I Luv Your Girl,0.723
866,Wiley,2008,Wearing My Rolex - Radio Edit,0.876
867,Usher,2008,Love in This Club (feat. Young Jeezy),0.573
868,Sam Sparro,2008,Black & Gold - Radio Edit,0.383
869,"H ""two"" O",2008,What's It Gonna Be (feat. Platnum),0.733
870,The Ting Tings,2008,That's Not My Name,0.755
871,Plies,2008,"Bust It Baby, Pt. 2 (feat. Ne-Yo)",0.648
872,James Morrison,2008,Broken Strings,0.57
873,Leona Lewis,2007,Run,0.285
874,Metro Station,2007,Shake It,0.618
875,T.I.,2008,Whatever You Like,0.68
876,Trey Songz,2007,Can't Help but Wait,0.699
877,OneRepublic,2007,Stop And Stare,0.492
878,Alexandra Burke,2009,Hallelujah,0.177
879,Mary J. Blige,2007,Just Fine,0.923
880,Jordin Sparks,2007,One Step At a Time,0.766
881,Coldplay,2008,Viva La Vida,0.486
882,Kings of Leon,2008,Sex on Fire,0.542
883,Kanye West,2007,Good Life,0.439
884,Duffy,2008,Mercy,0.793
885,David Archuleta,2008,Crush,0.57
886,J. Holiday,2007,Suffocate - Superclean,0.458
887,Gavin DeGraw,2008,In Love With a Girl,0.438
888,Jordin Sparks,2007,Tattoo,0.566
889,Coldplay,2008,Violet Hill,0.33
890,Ray J,2008,Sexy Can I feat. Yung Berg,0.575
891,Jennifer Hudson,2008,Spotlight,0.707
892,John Legend,2008,Green Light (feat. André 3000),0.622
893,Jonas Brothers,2008,Burnin' Up,0.667
894,Lupe Fiasco,2007,Superstar (feat. Matthew Santos),0.572
895,Chris Brown,2008,Forever,0.672
896,Adele,2008,Chasing Pavements,0.614
897,Leona Lewis,2007,Better in Time,0.584
898,Fergie,2006,Clumsy,0.731
899,T-Pain,2008,Can't Believe It (feat. Lil' Wayne),0.648
900,Black Eyed Peas,2009,I Gotta Feeling,0.743
901,Lady Gaga,2008,Poker Face,0.851
902,Beyoncé,2008,Halo,0.508
903,David Guetta,2010,Sexy Bitch (feat. Akon),0.813
904,Flo Rida,2009,Right Round,0.72
905,Taylor Swift,2008,Love Story,0.617
906,Pitbull,2009,Hotel Room Service,0.849
907,Britney Spears,2008,Circus,0.791
908,Lady Gaga,2008,LoveGame,0.894
909,Skillet,2009,Monster,0.64
910,The Prodigy,2009,Omen,0.545
911,Black Eyed Peas,2009,Meet Me Halfway,0.798
912,Kanye West,2008,Heartless,0.79
913,Kid Cudi,2009,Day 'N' Nite (Nightmare),0.88
914,Lady Gaga,2008,Just Dance,0.822
915,Britney Spears,2008,If U Seek Amy,0.717
916,Pitbull,2009,I Know You Want Me (Calle Ocho),0.825
917,Mariah Carey,2009,Obsessed,0.742
918,Beyoncé,2008,Sweet Dreams,0.694
919,Agnes,2009,Release Me,0.621
920,Black Eyed Peas,2009,Boom Boom Pow,0.867
921,Shakira,2009,She Wolf,0.865
922,Lady Gaga,2008,Paparazzi,0.762
923,JAY-Z,2009,Empire State Of Mind,0.491
924,OneRepublic,2009,All The Right Moves,0.529
925,Jeremih,2009,Birthday Sex,0.677
926,Cascada,2009,Evacuate The Dancefloor,0.762
927,Linkin Park,2009,New Divide,0.493
928,Kevin Rudolf,2008,Let It Rock,0.607
929,JAY-Z,2009,Run This Town,0.632
930,Lady Gaga,2009,Bad Romance,0.696
931,T.I.,2008,Live Your Life,0.375
932,Eminem,2009,We Made You,0.924
933,Dizzee Rascal,2011,Bonkers,0.624
934,Ciara,2009,Love Sex Magic (feat. Justin Timberlake),0.893
935,Rihanna,2009,Russian Roulette,0.48
936,Soulja Boy,2008,Turn My Swag On,0.546
937,The xx,2009,Intro,0.617
938,Jay Sean,2009,Down,0.657
939,Keri Hilson,2008,Turnin Me On - Original Dirty,0.661
940,David Guetta,2010,When Love Takes Over (feat. Kelly Rowland),0.675
941,Cheryl,2009,Fight For This Love,0.739
942,Soulja Boy,2008,Kiss Me Thru The Phone,0.758
943,Eminem,2009,Crack A Bottle,0.516
944,P!nk,2010,Sober,0.614
945,Tinchy Stryder,2009,Number 1,0.581
946,Pixie Lott,2009,"Mama Do (Uh Oh, Uh Oh)",0.451
947,JLS,2009,Beat Again - Radio Edit,0.894
948,3OH!3,2008,DONTTRUSTME,0.791
949,A.R. Rahman,2009,Jai Ho! (You Are My Destiny),0.657
950,The Pussycat Dolls,2008,I Hate This Part,0.756
951,Akon,2008,Beautiful,0.74
952,Alexandra Burke,2009,Bad Boys (feat. Flo Rida),0.67
953,Mario,2009,Break Up,0.44
954,Drake,2009,Forever,0.457
955,Selena Gomez & The Scene,2009,Naturally,0.605
956,Kanye West,2008,Love Lockdown,0.76
957,The Veronicas,2005,Untouched,0.557
958,Fabolous,2009,Throw It In The Bag,0.789
959,Jason Derulo,2010,Whatcha Say,0.615
960,Lily Allen,2009,Not Fair,0.719
961,T.I.,2008,Dead And Gone,0.713
962,Sean Kingston,2009,Fire Burning,0.839
963,Empire of the Sun,2008,Walking On A Dream,0.871
964,Cobra Starship,2009,Good Girls Go Bad (feat. Leighton Meester),0.594
965,Nickelback,2008,If Today Was Your Last Day,0.485
966,La Roux,2009,Bulletproof,0.674
967,Kasabian,2009,Fire,0.525
968,Calvin Harris,2009,I'm Not Alone - Radio Edit,0.597
969,Justin Bieber,2009,One Time,0.691
970,Jamie Foxx,2008,Blame It,0.673
971,La Roux,2009,In For The Kill,0.629
972,Muse,2009,Uprising,0.602
973,Nickelback,2008,Gotta Be Somebody,0.536
974,James Morrison,2008,Broken Strings,0.57
975,T.I.,2008,Whatever You Like,0.68
976,Dizzee Rascal,2011,Holiday,0.545
977,Beyoncé,2008,Single Ladies (Put a Ring on It),0.426
978,Boys Like Girls,2009,Love Drunk,0.44
979,The-Dream,2009,Rockin' That Shit,0.672
980,OneRepublic,2009,Secrets,0.516
981,JLS,2013,Everybody in Love,0.705
982,Jason Aldean,2009,Big Green Tractor,0.616
983,The Fray,2009,Never Say Never,0.23
984,Lily Allen,2009,The Fear,0.661
985,Kings of Leon,2008,Sex on Fire,0.542
986,Drake,2010,Best I Ever Had,0.431
987,Kelly Clarkson,2009,Already Gone,0.209
988,Miley Cyrus,2009,Party In The U.S.A.,0.652
989,Jordin Sparks,2009,Battlefield,0.613
990,Ne-Yo,2008,Mad,0.731
991,Green Day,2009,21 Guns,0.268
992,Keri Hilson,2009,Knock You Down,0.588
993,Taylor Swift,2008,You Belong With Me,0.687
994,Shinedown,2008,Second Chance,0.46
995,Asher Roth,2009,I Love College,0.713
996,Katy Perry,2008,Waking Up In Vegas,0.524
997,Kelly Clarkson,2009,My Life Would Suck Without You,0.526
998,Mumford & Sons,2009,Little Lion Man,0.517
999,The Fray,2009,You Found Me,0.338
1000,Bruno Mars,2010,Just the Way You Are,0.635
1001,Eminem,2010,Love The Way You Lie,0.749
1002,Lady Gaga,2009,Bad Romance,0.696
1003,Stromae,2010,Alors on danse - Radio Edit,0.791
1004,Kesha,2010,TiK ToK,0.755
1005,David Guetta,2010,Memories (feat. Kid Cudi),0.546
1006,Taio Cruz,2010,Dynamite,0.751
1007,Rihanna,2010,Only Girl (In The World),0.789
1008,Katy Perry,2012,California Gurls,0.791
1009,Kesha,2010,Take It Off,0.729
1010,INNA,2010,Hot - Play & Win Radio Version,0.817
1011,Far East Movement,2010,Like A G6,0.435
1012,David Guetta,2010,Gettin' Over You (feat. Fergie & LMFAO),0.615
1013,Duck Sauce,2010,Barbra Streisand - Radio Edit,0.769
1014,Lucenzo,2011,Danza Kuduro (feat. Don Omar),0.622
1015,Rihanna,2009,Te Amo,0.567
1016,Timbaland,2009,Carry Out (Featuring Justin Timberlake),0.531
1017,DJ Fresh,2010,Gold Dust - Radio Edit,0.451
1018,Edward Maya,2010,Stereo Love - Radio Edit,0.799
1019,Taio Cruz,2010,Break Your Heart,0.607
1020,Black Eyed Peas,2009,Imma Be,0.597
1021,Sidney Samson,2009,Riverside,0.804
1022,Eminem,2010,Not Afraid,0.855
1023,Lady Gaga,2009,Alejandro,0.623
1024,Rihanna,2009,Rude Boy,0.563
1025,Ne-Yo,2010,Beautiful Monster,0.708
1026,3OH!3,2010,Starstrukk,0.605
1027,Black Eyed Peas,2010,The Time (Dirty Bit),0.816
1028,Kelly Rowland,2011,Commander,0.395
1029,Swedish House Mafia,2010,One (Your Name) - Radio Edit,0.733
1030,Chris Brown,2011,Deuces (feat. Tyga & Kevin McCall),0.692
1031,Usher,2010,DJ Got Us Fallin' In Love (feat. Pitbull),0.663
1032,Iyaz,2009,Replay,0.706
1033,Flo Rida,2010,Club Can't Handle Me (feat. David Guetta),0.616
1034,Sean Kingston,2010,Eenie Meenie,0.72
1035,Waka Flocka Flame,2010,No Hands (feat. Roscoe Dash & Wale),0.76
1036,Tinie Tempah,2010,Written in the Stars (feat. Eric Turner),0.656
1037,Bruno Mars,2010,Talking to the Moon,0.498
1038,Miley Cyrus,2010,Can't Be Tamed,0.63
1039,Mike Posner,2010,Cooler Than Me - Single Mix,0.768
1040,Lady Gaga,2009,Telephone,0.824
1041,Yolanda Be Cool,2010,We No Speak Americano (JT Radio Edit),0.901
1042,Rihanna,2009,Hard,0.31
1043,Tinie Tempah,2010,Pass Out,0.693
1044,Adam Lambert,2009,Whataya Want from Me,0.438
1045,Trey Songz,2010,Bottoms Up (feat. Nicki Minaj),0.845
1046,Timbaland,2009,If We Ever Meet Again (Featuring Katy Perry),0.652
1047,Enrique Iglesias,2010,I Like It,0.648
1048,Tim Berg,2010,Seek Bromance - Avicii’s Vocal Edit,0.515
1049,Usher,2010,OMG (feat. will.i.am),0.781
1050,Maroon 5,2010,Misery,0.703
1051,Jay Sean,2009,Down,0.657
1052,Rihanna,2010,Man Down,0.47
1053,3OH!3,2010,My First Kiss (feat. Ke$ha),0.682
1054,Justin Bieber,2010,Baby,0.728
1055,Cali Swag District,2011,Teach Me How to Dougie,0.846
1056,Swedish House Mafia,2010,Miami 2 Ibiza - Swedish House Mafia vs. Tinie Tempah,0.736
1057,K'NAAN,2009,Wavin' Flag,0.625
1058,Ludacris,2010,How Low,0.785
1059,Kesha,2010,Blah Blah Blah (feat. 3OH!3),0.752
1060,DJ Khaled,2010,"All I Do Is Win (feat. T-Pain, Ludacris, Snoop Dogg & Rick Ross)",0.544
1061,Jason Derulo,2010,In My Head,0.762
1062,Aloe Blacc,2010,I Need A Dollar,0.84
1063,B.o.B,2010,Airplanes (feat. Hayley Williams of Paramore),0.66
1064,Ludacris,2010,My Chick Bad,0.624
1065,Nelly,2010,Just A Dream,0.531
1066,Rihanna,2010,What's My Name?,0.692
1067,Shontelle,2010,Impossible,0.599
1068,Take That,2010,The Flood,0.514
1069,Trey Songz,2009,Say Aah (feat. Fabolous),0.724
1070,Jason Derulo,2010,Whatcha Say,0.615
1071,Drake,2010,Over,0.325
1072,Example,2010,Kickstarts,0.61
1073,Plan B,2010,She Said,0.72
1074,The Saturdays,2010,Higher,0.639
1075,Jay Sean,2009,Do You Remember,0.855
1076,Usher,2010,Hey Daddy (Daddy's Home),0.59
1077,Lil Wayne,2010,Right Above It,0.376
1078,The Wanted,2010,All Time Low,0.689
1079,Kesha,2010,Your Love Is My Drug,0.826
1080,Ellie Goulding,2010,Starry Eyed,0.504
1081,Drake,2010,Find Your Love,0.625
1082,Jason Derulo,2010,Ridin' Solo,0.442
1083,Two Door Cinema Club,2010,What You Know,0.55
1084,JAY-Z,2009,Young Forever,0.637
1085,Young Money,2009,BedRock,0.733
1086,B.o.B,2010,Nothin' on You (feat. Bruno Mars),0.688
1087,Katy Perry,2010,Teenage Dream,0.719
1088,Scouting For Girls,2017,This Ain't a Love Song,0.458
1089,Travie McCoy,2010,Billionaire (feat. Bruno Mars),0.633
1090,Owl City,2009,Fireflies,0.512
1091,Alicia Keys,2009,Empire State of Mind (Part II) Broken Down,0.484
1092,Lady A,2010,Need You Now,0.581
1093,Taylor Swift,2010,Back To December,0.529
1094,Neon Trees,2010,Animal,0.482
1095,Kris Allen,2009,Live Like We're Dying,0.589
1096,Matt Cardle,2011,When We Collide,0.443
1097,Robyn,2010,Dancing On My Own,0.687
1098,The Band Perry,2010,If I Die Young,0.606
1099,B.o.B,2010,Magic (feat. Rivers Cuomo),0.549
1100,Adele,2011,Rolling in the Deep,0.73
1101,Maroon 5,2010,"Moves Like Jagger - Studio Recording From ""The Voice"" Performance",0.722
1102,LMFAO,2011,Party Rock Anthem,0.751
1103,Katy Perry,2010,Firework,0.638
1104,Bruno Mars,2010,Grenade,0.704
1105,Pitbull,2011,Hey Baby (Drop It to the Floor) (feat. T-Pain),0.595
1106,Alexandra Stan,2011,Mr. Saxobeat,0.726
1107,David Guetta,2010,Who's That Chick? (feat. Rihanna),0.675
1108,Jennifer Lopez,2011,On The Floor,0.73
1109,Rihanna,2010,S&M,0.767
1110,Kesha,2010,Blow,0.753
1111,Snoop Dogg,2011,Sweat - Remix,0.813
1112,Taio Cruz,2010,Higher,0.672
1113,Usher,2010,More - RedOne Jimmy Joker Remix,0.551
1114,Example,2011,Changed the Way You Kiss Me - Radio Edit,0.578
1115,Black Eyed Peas,2010,Just Can’t Get Enough,0.659
1116,David Guetta,2012,Where Them Girls At (feat. Nicki Minaj & Flo Rida),0.666
1117,Lykke Li,2011,I Follow Rivers - The Magician Remix,0.786
1118,Pitbull,2011,"Give Me Everything (feat. Ne-Yo, Afrojack & Nayer)",0.671
1119,Selena Gomez & The Scene,2011,Love You Like A Love Song,0.858
1120,Wiz Khalifa,2011,Black and Yellow,0.684
1121,Katy Perry,2012,E.T.,0.62
1122,Britney Spears,2011,I Wanna Go,0.696
1123,Gym Class Heroes,2011,Stereo Hearts (feat. Adam Levine),0.646
1124,Edward Maya,2010,Stereo Love - Radio Edit,0.799
1125,Enrique Iglesias,2010,Tonight (I'm Fuckin' You),0.648
1126,Jeremih,2010,Down On Me,0.7
1127,Sak Noel,2011,Loca People - Radio Edit,0.926
1128,Olly Murs,2011,Heart Skips a Beat (feat. Rizzle Kicks),0.843
1129,LMFAO,2011,Sexy And I Know It,0.707
1130,Cobra Starship,2011,You Make Me Feel... (feat. Sabi),0.668
1131,Jessie J,2011,Do It Like A Dude,0.663
1132,DJ Fresh,2012,Louder (feat. Sian Evans) - Radio Edit,0.31
1133,Waka Flocka Flame,2010,No Hands (feat. Roscoe Dash & Wale),0.76
1134,Nickelback,2011,When We Stand Together,0.446
1135,M83,2011,Midnight City,0.507
1136,Britney Spears,2011,Till the World Ends,0.693
1137,Labrinth,2012,Earthquake (feat. Tinie Tempah),0.54
1138,Jason Derulo,2011,Don't Wanna Go Home,0.671
1139,Coldplay,2011,Paradise,0.449
1140,Katy Perry,2012,Last Friday Night (T.G.I.F.),0.649
1141,Adele,2011,Set Fire to the Rain,0.603
1142,Dr. Dre,2011,I Need A Doctor,0.594
1143,Lil Wayne,2011,6 Foot 7 Foot,0.364
1144,DJ Khaled,2011,I'm On One,0.413
1145,Chris Brown,2011,Look At Me Now (feat. Lil' Wayne & Busta Rhymes),0.767
1146,Far East Movement,2010,Rocketeer,0.664
1147,The Wanted,2011,Glad You Came,0.722
1148,Kesha,2010,We R Who We R,0.736
1149,Kelly Rowland,2011,Motivation,0.744
1150,Rihanna,2011,We Found Love,0.735
1151,Nicole Scherzinger,2011,Don't Hold Your Breath,0.66
1152,Mann,2011,Buzzin Remix,0.687
1153,Chris Brown,2011,Yeah 3x,0.705
1154,Swedish House Mafia,2011,Save The World,0.507
1155,Kanye West,2010,All Of The Lights,0.531
1156,Miguel,2010,Sure Thing,0.684
1157,Diddy - Dirty Money,2010,Coming Home,0.392
1158,Rihanna,2010,What's My Name?,0.692
1159,Chris Brown,2019,Beautiful People,0.415
1160,Avril Lavigne,2011,What the Hell,0.578
1161,Professor Green,2011,Read All About It,0.656
1162,Chase & Status,2011,Blind Faith,0.45
1163,Chip,2011,Champion (feat. Chris Brown),0.415
1164,Selena Gomez & The Scene,2011,Who Says,0.682
1165,Rizzle Kicks,2011,Down With The Trumpets,0.753
1166,Lady Gaga,2011,Born This Way,0.587
1167,Nicki Minaj,2010,Super Bass,0.72
1168,Mac Miller,2011,Donald Trump,0.636
1169,Calvin Harris,2012,Bounce (feat. Kelis) - Radio Edit,0.779
1170,David Guetta,2012,Without You (feat. Usher),0.608
1171,Foster The People,2011,Pumped Up Kicks,0.733
1172,Drake,2011,Headlines,0.636
1173,Jessie J,2011,Price Tag,0.636
1174,Jason Aldean,2010,Dirt Road Anthem,0.678
1175,Wiz Khalifa,2011,Roll Up,0.523
1176,OneRepublic,2009,Good Life,0.634
1177,Bad Meets Evil,2011,Lighters,0.676
1178,Bruno Mars,2010,The Lazy Song,0.794
1179,Lupe Fiasco,2011,The Show Goes On,0.591
1180,James Morrison,2011,I Won't Let You Go,0.537
1181,Jason Derulo,2011,It Girl,0.668
1182,Adele,2011,Someone Like You,0.554
1183,Red Hot Chili Peppers,2011,The Adventures of Rain Dance Maggie,0.683
1184,Keri Hilson,2010,Pretty Girl Rock,0.666
1185,P!nk,2010,F**kin' Perfect,0.563
1186,Blake Shelton,2011,Honey Bee,0.481
1187,Lady Gaga,2011,The Edge Of Glory,0.583
1188,Lady A,2011,Just A Kiss,0.593
1189,Hot Chelle Rae,2011,Tonight Tonight,0.686
1190,Grouplove,2011,Tongue Tied,0.56
1191,Coldplay,2011,Every Teardrop Is a Waterfall,0.425
1192,Beyoncé,2011,Best Thing I Never Had,0.545
1193,P!nk,2010,Raise Your Glass,0.7
1194,Christina Perri,2011,Jar of Hearts,0.349
1195,Bruno Mars,2010,Marry You,0.621
1196,The Band Perry,2010,If I Die Young,0.606
1197,Lil Wayne,2011,How To Love,0.644
1198,Charlene Soraia,2011,Wherever You Will Go,0.597
1199,Christina Perri,2011,A Thousand Years,0.421
1200,Rihanna,2011,We Found Love,0.735
1201,Carly Rae Jepsen,2012,Call Me Maybe,0.783
1202,fun.,2012,We Are Young (feat. Janelle Monáe),0.378
1203,Sean Paul,2012,She Doesn't Mind,0.718
1204,Pitbull,2011,International Love (feat. Chris Brown),0.67
1205,DEV,2012,In The Dark,0.736
1206,Adele,2012,Skyfall,0.346
1207,David Guetta,2012,Turn Me On (feat. Nicki Minaj),0.704
1208,Rihanna,2011,Where Have You Been,0.719
1209,JAY-Z,2011,Ni**as In Paris,0.789
1210,Maroon 5,2012,One More Night,0.716
1211,Skrillex,2011,Bangarang (feat. Sirah),0.716
1212,The Wanted,2012,Chasing The Sun,0.637
1213,Flo Rida,2012,Whistle,0.747
1214,will.i.am,2013,This Is Love,0.535
1215,David Guetta,2012,She Wolf (Falling to Pieces) [feat. Sia],0.492
1216,Nicki Minaj,2012,Pound The Alarm,0.728
1217,Kendrick Lamar,2012,Swimming Pools (Drank) - Extended Version,0.716
1218,MARINA,2012,Primadonna,0.66
1219,Kanye West,2012,Mercy,0.563
1220,DJ Fresh,2012,Hot Right Now (feat. RITA ORA) - Radio Edit,0.524
1221,LMFAO,2011,Sexy And I Know It,0.707
1222,PSY,2012,Gangnam Style (강남스타일),0.727
1223,Kesha,2012,Die Young,0.711
1224,Usher,2012,Scream,0.616
1225,Olly Murs,2012,Troublemaker (feat. Flo Rida),0.762
1226,Linkin Park,2012,BURN IT DOWN,0.585
1227,Bruno Mars,2012,Locked out of Heaven,0.726
1228,Avicii,2011,Levels - Radio Edit,0.584
1229,Flo Rida,2012,Good Feeling,0.706
1230,Rihanna,2012,Diamonds,0.564
1231,Wiz Khalifa,2012,"Work Hard, Play Hard",0.787
1232,Katy Perry,2012,Part Of Me,0.678
1233,Nicki Minaj,2012,Starships,0.747
1234,Kendrick Lamar,2012,m.A.A.d city,0.487
1235,Asaf Avidan & the Mojos,2012,One Day / Reckoning Song (Wankelmut Remix) [Radio Edit],0.821
1236,Florence + The Machine,2011,Spectrum (Say My Name) - Calvin Harris Remix,0.578
1237,Azealia Banks,2014,212,0.847
1238,Maroon 5,2012,Payphone,0.743
1239,James Arthur,2013,Impossible,0.376
1240,Michel Teló,2012,Ai Se Eu Te Pego - Live,0.676
1241,Otto Knows,2012,Million Voices - Radio Edit,0.582
1242,Icona Pop,2012,I Love It,0.71
1243,Tyga,2012,Rack City,0.929
1244,Calvin Harris,2012,Feel So Close - Radio Edit,0.707
1245,Jennifer Lopez,2012,Dance Again,0.797
1246,Grimes,2012,Oblivion,0.697
1247,Adele,2011,Rumour Has It,0.612
1248,Coldplay,2011,Paradise,0.449
1249,Chris Brown,2012,Turn Up the Music,0.594
1250,Frank Ocean,2012,Lost,0.913
1251,Calvin Harris,2012,Let's Go (feat. Ne-Yo),0.71
1252,The Script,2012,Hall of Fame (feat. will.i.am),0.421
1253,Swedish House Mafia,2012,Don't You Worry Child - Radio Edit,0.612
1254,MARINA,2012,How to Be a Heartbreaker,0.69
1255,Justin Bieber,2012,Boyfriend,0.717
1256,David Guetta,2012,Titanium (feat. Sia),0.604
1257,Jessie J,2011,Domino,0.758
1258,Taylor Swift,2012,I Knew You Were Trouble.,0.622
1259,ScHoolboy Q,2012,Hands on the Wheel (feat. Asap Rocky),0.646
1260,P!nk,2012,Try,0.674
1261,Robbie Williams,2012,Candy,0.715
1262,Snoop Dogg,2011,"Young, Wild & Free (feat. Bruno Mars)",0.715
1263,Justin Bieber,2012,As Long As You Love Me,0.571
1264,Rita Ora,2012,R.I.P. (feat. Tinie Tempah),0.603
1265,Alex Clare,2011,Too Close,0.588
1266,Tyga,2012,Faded,0.831
1267,Alesso,2012,Years - ラジオ・エディット,0.37
1268,Guy Sebastian,2012,Battle Scars (feat. Lupe Fiasco),0.61
1269,Katy Perry,2012,The One That Got Away,0.687
1270,Avicii,2012,Silhouettes - Original Radio Edit,0.605
1271,Gotye,2011,Somebody That I Used To Know,0.863
1272,Flo Rida,2012,Wild Ones (feat. Sia),0.608
1273,One Direction,2012,What Makes You Beautiful,0.726
1274,Lana Del Rey,2012,Born To Die,0.18
1275,Kesha,2012,C'Mon,0.558
1276,Owl City,2012,Good Time,0.56
1277,Calvin Harris,2012,We'll Be Coming Back (feat. Example),0.596
1278,Emeli Sandé,2012,"Read All About It, Pt. III",0.63
1279,Ellie Goulding,2010,Lights - Single Version,0.682
1280,Train,2012,Drive By,0.765
1281,Disclosure,2013,Latch,0.503
1282,Coldplay,2011,Princess of China,0.42
1283,One Direction,2012,Live While We're Young,0.658
1284,Gym Class Heroes,2011,Ass Back Home (feat. Neon Hitch),0.716
1285,Carrie Underwood,2012,Blown Away,0.531
1286,alt-J,2012,Breezeblocks,0.616
1287,Chris Brown,2012,Don't Wake Me Up,0.602
1288,Kelly Clarkson,2011,Stronger (What Doesn't Kill You),0.562
1289,Drake,2011,The Motto,0.766
1290,Katy Perry,2012,Wide Awake,0.514
1291,Rita Ora,2012,How We Do (Party),0.738
1292,Rudimental,2013,Feel the Love (feat. John Newman),0.389
1293,Lana Del Rey,2012,Ride,0.373
1294,Ne-Yo,2012,Let Me Love You (Until You Learn To Love Yourself),0.658
1295,Demi Lovato,2011,Give Your Heart a Break,0.651
1296,Drake,2011,Take Care,0.629
1297,Little Mix,2012,Wings,0.738
1298,Bruno Mars,2011,It Will Rain,0.576
1299,Cher Lloyd,2011,Want U Back,0.696
1300,Lorde,2013,Royals,0.674
1301,Robin Thicke,2013,Blurred Lines,0.861
1302,Imagine Dragons,2012,Radioactive,0.448
1303,Avicii,2013,Wake Me Up,0.532
1304,Bruno Mars,2012,Locked out of Heaven,0.726
1305,Macklemore & Ryan Lewis,2012,Thrift Shop (feat. Wanz),0.781
1306,Daft Punk,2013,Get Lucky (feat. Pharrell Williams & Nile Rodgers) - Radio Edit,0.794
1307,will.i.am,2013,Scream & Shout,0.772
1308,Stromae,2013,Papaoutai,0.733
1309,Bingo Players,2013,Get Up (Rattle) - Vocal Edit,0.801
1310,Naughty Boy,2013,La La La,0.754
1311,Tom Odell,2013,Another Love,0.445
1312,2 Chainz,2013,We Own It (Fast & Furious),0.563
1313,David Guetta,2012,Play Hard (feat. Ne-Yo & Akon),0.691
1314,Pitbull,2012,Feel This Moment (feat. Christina Aguilera),0.673
1315,will.i.am,2013,#thatPOWER,0.797
1316,Lil Wayne,2013,Love Me,0.669
1317,Macklemore & Ryan Lewis,2012,Can't Hold Us (feat. Ray Dalton),0.641
1318,Martin Garrix,2013,Animals - Radio Edit,0.593
1319,Jason Derulo,2013,Talk Dirty (feat. 2 Chainz),0.76
1320,John Newman,2013,Love Me Again,0.495
1321,Britney Spears,2013,Work B**ch,0.63
1322,The Neighbourhood,2013,Sweater Weather,0.612
1323,Sebastian Ingrosso,2013,Reload - Radio Edit,0.485
1324,Capital Cities,2013,Safe And Sound,0.652
1325,Demi Lovato,2013,Heart Attack,0.504
1326,Arctic Monkeys,2013,Why'd You Only Call Me When You're High?,0.691
1327,Justin Bieber,2012,Beauty And A Beat,0.602
1328,Eminem,2013,The Monster,0.781
1329,Pitbull,2012,Don't Stop the Party (feat. TJR),0.722
1330,Selena Gomez,2013,Come & Get It,0.546
1331,P!nk,2012,True Love (feat. Lily Allen),0.457
1332,Disclosure,2013,White Noise,0.665
1333,Flo Rida,2012,I Cry,0.693
1334,Kanye West,2013,Black Skinhead,0.578
1335,Lana Del Rey,2013,Summertime Sadness (Lana Del Rey Vs. Cedric Gervais) - Cedric Gervais Remix,0.572
1336,Eminem,2013,Berzerk,0.739
1337,Icona Pop,2013,I Love It (feat. Charli XCX),0.711
1338,Fall Out Boy,2013,My Songs Know What You Did In The Dark (Light Em Up),0.558
1339,Lorde,2013,Team,0.691
1340,Avicii,2012,I Could Be The One (Avicii Vs. Nicky Romero) - Radio Edit,0.509
1341,Imagine Dragons,2012,Demons,0.505
1342,One Direction,2013,One Way or Another (Teenage Kicks),0.489
1343,Taylor Swift,2012,I Knew You Were Trouble.,0.622
1344,Arctic Monkeys,2013,Do I Wanna Know?,0.548
1345,Rudimental,2013,Waiting All Night (feat. Ella Eyre),0.544
1346,Klangkarussell,2014,Sonnentanz - Sun Don't Shine,0.579
1347,Calvin Harris,2012,Drinking from the Bottle (feat. Tinie Tempah),0.665
1348,A$AP Rocky,2013,"F**kin' Problems (feat. Drake, 2 Chainz & Kendrick Lamar)",0.853
1349,P!nk,2012,Try,0.674
1350,Ylvis,2013,The Fox (What Does the Fox Say?),0.703
1351,Ellie Goulding,2014,Burn,0.559
1352,Baauer,2013,Harlem Shake,0.452
1353,Calvin Harris,2012,I Need Your Love (feat. Ellie Goulding),0.695
1354,Katy Perry,2013,This Is How We Do,0.69
1355,AWOLNATION,2011,Sail,0.825
1356,Duke Dumont,2013,Need U (100%) [feat. A*M*E] - Radio Edit,0.681
1357,Jason Derulo,2013,The Other Side,0.561
1358,Storm Queen,2014,Look Right Through - MK Vocal Edit,0.832
1359,Calvin Harris,2012,Sweet Nothing (feat. Florence Welch),0.573
1360,Katy Perry,2013,Unconditionally,0.555
1361,Wale,2013,Bad (feat. Rihanna) - Remix,0.807
1362,Ciara,2013,Body Party,0.577
1363,Drake,2013,Started From the Bottom,0.794
1364,Birdy,2013,Wings,0.474
1365,Bastille,2013,Of The Night,0.67
1366,Olly Murs,2012,Dear Darlin',0.512
1367,Katy Perry,2013,Roar,0.554
1368,Blake Shelton,2013,Sure Be Cool If You Did,0.576
1369,Calvin Harris,2012,Thinking About You (feat. Ayah Marar),0.725
1370,JAY-Z,2013,Holy Grail,0.676
1371,Bridgit Mendler,2012,Ready or Not,0.715
1372,The Saturdays,2013,What About Us,0.704
1373,Bastille,2013,Pompeii,0.679
1374,One Direction,2013,Best Song Ever,0.652
1375,Nelly,2013,Hey Porsche,0.726
1376,Zedd,2012,Clarity,0.523
1377,Miley Cyrus,2013,Wrecking Ball,0.53
1378,Chris Brown,2013,Fine China,0.659
1379,Daft Punk,2013,Lose Yourself to Dance (feat. Pharrell Williams),0.832
1380,Armin van Buuren,2013,This Is What It Feels Like,0.551
1381,Justin Timberlake,2013,Mirrors,0.574
1382,Bruno Mars,2012,Treasure,0.874
1383,Of Monsters and Men,2012,Little Talks,0.457
1384,Miley Cyrus,2013,We Can't Stop,0.613
1385,J. Cole,2013,Power Trip (feat. Miguel),0.667
1386,Paramore,2013,Still into You,0.602
1387,Christina Perri,2013,human,0.439
1388,Drake,2013,"Hold On, We're Going Home",0.773
1389,James Blunt,2013,Bonfire Heart,0.575
1390,Maroon 5,2012,Daylight,0.656
1391,Childish Gambino,2013,3005,0.681
1392,Avril Lavigne,2013,Here's to Never Growing Up,0.483
1393,Taylor Swift,2012,22,0.661
1394,Passenger,2012,Let Her Go,0.509
1395,Ariana Grande,2013,The Way,0.645
1396,Rihanna,2012,Stay,0.621
1397,Justin Timberlake,2013,Suit & Tie (feat. Jay-Z),0.795
1398,Bruno Mars,2012,When I Was Your Man,0.612
1399,Florida Georgia Line,2012,Cruise,0.457
1400,Pharrell Williams,2014,"Happy - From ""Despicable Me 2""",0.647
1401,Katy Perry,2013,Dark Horse,0.647
1402,ScHoolboy Q,2014,Collard Greens,0.826
1403,Iggy Azalea,2014,Fancy,0.912
1404,Maroon 5,2014,Animals,0.279
1405,Sam Smith,2014,Stay With Me,0.418
1406,MAGIC!,2014,Rude,0.773
1407,Sia,2014,Chandelier,0.399
1408,John Legend,2013,All of Me,0.422
1409,ZHU,2014,Faded,0.861
1410,Meghan Trainor,2015,All About That Bass,0.807
1411,David Guetta,2014,Lovers on the Sun (feat. Sam Martin),0.645
1412,Iggy Azalea,2014,Black Widow,0.743
1413,Tove Lo,2014,Habits (Stay High),0.733
1414,Oliver Heldens,2014,Gecko (Overdrive) - Radio Edit,0.609
1415,DJ Snake,2014,You Know You Like It,0.407
1416,Jason Derulo,2013,Talk Dirty (feat. 2 Chainz),0.76
1417,Maroon 5,2014,Maps,0.737
1418,David Guetta,2014,Bad (feat. Vassy) - Radio Edit,0.614
1419,Tinashe,2014,2 On (feat. ScHoolboy Q),0.742
1420,Route 94,2014,My Love (feat. Jess Glynne),0.814
1421,Taylor Swift,2014,Bad Blood,0.646
1422,Trey Songz,2015,Na Na,0.67
1423,Calvin Harris,2014,Under Control (feat. Hurts),0.544
1424,O.T. Genasis,2014,CoCo,0.886
1425,Jason Derulo,2013,Wiggle (feat. Snoop Dogg),0.697
1426,Lilly Wood and The Prick,2014,Prayer in C - Robin Schulz Radio Edit,0.76
1427,Jeremih,2015,Don't Tell 'Em,0.856
1428,Nicki Minaj,2014,Anaconda,0.964
1429,Calvin Harris,2014,Blame (feat. John Newman),0.414
1430,DJ Snake,2013,Turn Down for What,0.818
1431,Pitbull,2012,Timber (feat. Ke$ha),0.581
1432,OneRepublic,2014,Counting Stars,0.663
1433,Bobby Shmurda,2014,Hot N*gga,0.794
1434,Calvin Harris,2014,Summer,0.603
1435,ScHoolboy Q,2014,Man Of The Year,0.743
1436,Nico & Vinz,2014,Am I Wrong,0.729
1437,Becky G,2014,Shower,0.699
1438,Sigma,2014,Nobody To Love - Radio Edit,0.441
1439,The Chainsmokers,2014,#SELFIE - Original Mix,0.789
1440,Lorde,2013,Team,0.69
1441,Rixton,2014,Me And My Broken Heart,0.545
1442,Klingande,2013,Jubel - Radio Edit,0.686
1443,Mr. Probz,2014,Waves - Robin Schulz Radio Edit,0.829
1444,Paloma Faith,2014,Only Love Can Hurt Like This,0.566
1445,Kiesza,2014,Hideaway,0.838
1446,Ellie Goulding,2014,Burn,0.559
1447,Ariana Grande,2014,Break Free,0.687
1448,Kid Ink,2014,Show Me (feat. Chris Brown),0.711
1449,Tove Lo,2014,Talking Body,0.736
1450,Chris Brown,2014,Loyal (feat. Lil Wayne & Tyga),0.841
1451,OneRepublic,2014,Love Runs Out,0.719
1452,Olly Murs,2014,Up (feat. Demi Lovato),0.69
1453,Peking Duk,2014,High (feat. Nicole Millar),0.525
1454,Milky Chance,2014,Stolen Dance,0.885
1455,Ed Sheeran,2014,Don't,0.806
1456,Ariana Grande,2014,Love Me Harder,0.472
1457,Enrique Iglesias,2014,Bailando - Spanish Version,0.718
1458,Avicii,2013,Hey Brother,0.545
1459,Jessie J,2014,Bang Bang,0.706
1460,Duke Dumont,2014,I Got U,0.636
1461,Gorgon City,2014,Ready For Your Love,0.677
1462,Taylor Swift,2014,Style,0.588
1463,MKTO,2012,Classic,0.72
1464,Disclosure,2013,Latch,0.503
1465,Ariana Grande,2014,Problem,0.66
1466,Charli XCX,2014,Boom Clap,0.659
1467,One Direction,2014,Steal My Girl,0.536
1468,Tiësto,2013,Red Lights,0.653
1469,Selena Gomez,2014,The Heart Wants What It Wants,0.616
1470,Rita Ora,2014,I Will Never Let You Down,0.753
1471,5 Seconds of Summer,2014,She Looks So Perfect,0.494
1472,The Script,2014,Superheroes,0.49
1473,Taylor Swift,2014,Shake It Off,0.647
1474,One Direction,2014,Night Changes,0.672
1475,Ed Sheeran,2014,Sing,0.818
1476,Alesso,2014,Heroes (we could be),0.521
1477,Tiësto,2014,Wasted,0.645
1478,G.R.L.,2014,Ugly Heart,0.65
1479,Coldplay,2014,A Sky Full of Stars,0.545
1480,Clean Bandit,2014,Rather Be (feat. Jess Glynne),0.799
1481,Zedd,2014,Stay The Night - Featuring Hayley Williams Of Paramore,0.596
1482,Sia,2014,Elastic Heart,0.421
1483,One Direction,2013,Story of My Life,0.6
1484,Alex & Sierra,2014,Little Do You Know,0.5
1485,Omarion,2014,Post to Be (feat. Chris Brown & Jhene Aiko),0.733
1486,Echosmith,2013,Cool Kids,0.719
1487,Natalie La Rose,2014,Somebody,0.83
1488,Vance Joy,2014,Riptide,0.484
1489,Beyoncé,2014,Drunk in Love (feat. Jay-Z),0.589
1490,Maroon 5,2014,Sugar,0.744
1491,Ella Henderson,2014,Ghost,0.68
1492,Ed Sheeran,2013,"I See Fire - From ""The Hobbit - The Desolation Of Smaug""",0.581
1493,Chris Brown,2014,New Flame (feat. Usher & Rick Ross),0.702
1494,Sheppard,2014,Geronimo,0.707
1495,Olly Murs,2014,Wrapped Up (feat. Travie McCoy),0.787
1496,Sam Smith,2014,Money On My Mind,0.688
1497,Jason Derulo,2013,Trumpets,0.627
1498,Nicki Minaj,2014,Bed Of Lies,0.716
1499,Nick Jonas,2014,Jealous - Remix,0.685
1500,Mark Ronson,2015,Uptown Funk (feat. Bruno Mars),0.856
1501,Ed Sheeran,2014,Thinking out Loud,0.781
1502,Wiz Khalifa,2015,See You Again (feat. Charlie Puth),0.689
1503,Justin Bieber,2015,What Do You Mean?,0.845
1504,Major Lazer,2015,Lean On (feat. MØ & DJ Snake),0.723
1505,The Weeknd,2014,"Earned It (Fifty Shades Of Grey) - From The ""Fifty Shades Of Grey"" Soundtrack",0.659
1506,Ellie Goulding,2015,"Love Me Like You Do - From ""Fifty Shades Of Grey""",0.262
1507,Calvin Harris,2014,Outside (feat. Ellie Goulding),0.646
1508,David Guetta,2014,"Hey Mama (feat. Nicki Minaj, Bebe Rexha & Afrojack)",0.596
1509,Demi Lovato,2015,Cool for the Summer,0.586
1510,Taylor Swift,2014,Blank Space,0.76
1511,The Weeknd,2015,The Hills,0.585
1512,The Neighbourhood,2015,Daddy Issues,0.588
1513,Deorro,2015,Five More Hours,0.699
1514,Avicii,2014,The Nights,0.527
1515,DJ Snake,2014,You Know You Like It,0.407
1516,Adam Lambert,2015,Ghost Town,0.703
1517,Rae Sremmurd,2015,No Type,0.891
1518,Taylor Swift,2015,Bad Blood,0.654
1519,Flo Rida,2015,GDFR (feat. Sage the Gemini & Lookas),0.657
1520,Robin Schulz,2015,Sugar (feat. Francesco Yates),0.636
1521,Calvin Harris,2015,How Deep Is Your Love,0.738
1522,Philip George,2014,Wish You Were Mine - Radio Edit,0.654
1523,Trey Songz,2015,Na Na,0.67
1524,Fall Out Boy,2015,Centuries,0.393
1525,Rob $tone,2016,Chill Bill (feat. J. Davi$ & Spooks),0.886
1526,Lost Frequencies,2014,Are You With Me - Radio Edit,0.776
1527,Twenty One Pilots,2015,Stressed Out,0.734
1528,Fifth Harmony,2015,Worth It (feat. Kid Ink),0.884
1529,KALEO,2015,Way down We Go,0.59
1530,Sam Smith,2014,Like I Can,0.656
1531,Major Lazer,2015,Light It Up (feat. Nyla & Fuse ODG) - Remix,0.746
1532,Martin Solveig,2015,Intoxicated - New Radio Mix,0.8
1533,Avicii,2015,Waiting For Love,0.579
1534,Felix Jaehn,2018,Ain't Nobody (Loves Me Better) (feat. Jasmine Thompson),0.778
1535,Taylor Swift,2014,Wildest Dreams,0.553
1536,The Weeknd,2015,In The Night,0.48
1537,Pitbull,2014,Time of Our Lives,0.721
1538,Galantis,2015,Runaway (U & I),0.506
1539,Rihanna,2015,Bitch Better Have My Money,0.781
1540,Zara Larsson,2015,Lush Life,0.658
1541,One Direction,2015,Drag Me Down,0.73
1542,Travis Scott,2015,Antidote,0.713
1543,Years & Years,2015,King,0.559
1544,Demi Lovato,2015,Confident,0.594
1545,Lemaitre,2017,Closer,0.583
1546,Selena Gomez,2015,Same Old Love,0.672
1547,Pia Mia,2015,Do It Again,0.712
1548,Flo Rida,2015,My House,0.688
1549,Silentó,2015,Watch Me (Whip / Nae Nae),0.819
1550,Chris Brown,2015,Ayo,0.823
1551,The Strumbellas,2016,Spirits,0.556
1552,Fetty Wap,2015,Trap Queen,0.746
1553,Tove Lo,2014,Talking Body,0.736
1554,Beyoncé,2014,7/11,0.747
1555,Lana Del Rey,2015,High By The Beach,0.536
1556,Zara Larsson,2017,Never Forget You,0.583
1557,Jeremih,2015,oui,0.418
1558,Drake,2016,Hotline Bling,0.891
1559,Selena Gomez,2015,Kill Em With Kindness,0.757
1560,Birdy,2015,Let It All Go,0.383
1561,Fetty Wap,2015,679 (feat. Remy Boyz),0.618
1562,Ariana Grande,2014,Love Me Harder,0.472
1563,The Weeknd,2015,Can't Feel My Face,0.705
1564,SAYGRACE,2015,You Don't Own Me (feat. G-Eazy),0.336
1565,X Ambassadors,2015,Renegades,0.526
1566,R. City,2015,Locked Away (feat. Adam Levine),0.509
1567,Kygo,2016,Stole the Show,0.64
1568,Tame Impala,2015,The Less I Know The Better,0.64
1569,Selena Gomez,2015,Good For You,0.6
1570,Fetty Wap,2015,My Way (feat. Monty),0.748
1571,Hozier,2014,Take Me To Church,0.566
1572,Taylor Swift,2014,Style,0.588
1573,Alessia Cara,2015,Here,0.379
1574,Sam Smith,2015,"Writing's On The Wall - From ""Spectre"" Soundtrack",0.261
1575,David Guetta,2015,Bang My Head (feat. Sia & Fetty Wap),0.599
1576,Meek Mill,2015,All Eyes on You (feat. Chris Brown & Nicki Minaj),0.589
1577,Big Sean,2015,I Don't Fuck With You,0.824
1578,Kygo,2016,Firestone,0.704
1579,Drake,2015,Jumpman,0.853
1580,Petit Biscuit,2015,Sunset Lover,0.783
1581,Shawn Mendes,2015,Stitches,0.746
1582,Flo Rida,2015,"I Don't Like It, I Love It (feat. Robin Thicke & Verdine White)",0.854
1583,Selena Gomez,2014,The Heart Wants What It Wants,0.616
1584,Jack Ü,2015,Where Are Ü Now (with Justin Bieber),0.432
1585,Ellie Goulding,2015,On My Mind,0.699
1586,Bryson Tiller,2015,Don't,0.765
1587,Rich Homie Quan,2015,"Flex (Ooh, Ooh, Ooh)",0.676
1588,Joel Adams,2015,Please Don't Go,0.513
1589,Zedd,2015,I Want You To Know,0.561
1590,Jonas Blue,2015,Fast Car,0.644
1591,BØRNS,2015,Electric Love,0.373
1592,Sigala,2018,Easy Love,0.68
1593,Justin Bieber,2015,Sorry,0.654
1594,Ariana Grande,2014,One Last Time,0.628
1595,Little Mix,2015,Black Magic,0.777
1596,One Direction,2015,Perfect,0.647
1597,Years & Years,2015,Shine,0.667
1598,Meghan Trainor,2015,Lips Are Movin,0.775
1599,Nicky Jam,2017,El Perdón - Forgiveness,0.736
1600,The Weeknd,2016,Starboy,0.681
1601,Drake,2016,One Dance,0.792
1602,Justin Bieber,2015,Love Yourself,0.609
1603,The Chainsmokers,2016,Closer,0.748
1604,Adele,2015,Hello,0.471
1605,Desiigner,2016,Panda,0.576
1606,Burak Yeter,2016,Tuesday (feat. Danelle Sandoval),0.841
1607,Sia,2016,Cheap Thrills (feat. Sean Paul),0.592
1608,OneRepublic,2016,Wherever I Go,0.552
1609,Rihanna,2016,Work,0.725
1610,Coldplay,2015,Hymn for the Weekend,0.491
1611,Justin Bieber,2015,Sorry,0.654
1612,Justin Timberlake,2016,"CAN'T STOP THE FEELING! (from DreamWorks Animation's ""TROLLS"")",0.666
1613,WILLOW,2015,Wait a Minute!,0.764
1614,Desiigner,2016,Tiimmy Turner,0.603
1615,G-Eazy,2015,"Me, Myself & I",0.756
1616,David Guetta,2016,This One's for You (feat. Zara Larsson) (Official Song UEFA EURO 2016),0.367
1617,Astrid S,2016,Hurts So Good,0.672
1618,Lil Wayne,2016,"Sucker for Pain (with Wiz Khalifa, Imagine Dragons, Logic & Ty Dolla $ign feat. X Ambassadors)",0.502
1619,Twenty One Pilots,2016,Heathens,0.732
1620,Future,2016,Low Life (feat. The Weeknd),0.722
1621,Galantis,2016,No Money,0.671
1622,The Chainsmokers,2016,Don't Let Me Down,0.532
1623,Tinie Tempah,2016,Girls Like (feat. Zara Larsson),0.916
1624,Alok,2016,Hear Me Now,0.788
1625,Jon Bellion,2016,All Time Low,0.617
1626,Cheat Codes,2016,Sex,0.51
1627,Meghan Trainor,2017,NO,0.557
1628,Dua Lipa,2017,Hotter Than Hell,0.532
1629,Martin Garrix,2016,In the Name of Love,0.501
1630,Alan Walker,2018,Faded,0.468
1631,Tove Lo,2016,Cool Girl,0.674
1632,DJ Snake,2016,Let Me Love You,0.649
1633,Calvin Harris,2016,This Is What You Came For (feat. Rihanna),0.631
1634,Mike Posner,2016,I Took A Pill In Ibiza - Seeb Remix,0.664
1635,Kevin Gates,2016,2 Phones,0.895
1636,Rihanna,2016,Needed Me,0.671
1637,Ariana Grande,2016,Side To Side,0.648
1638,Marshmello,2016,Alone,0.631
1639,Shawn Mendes,2015,I Know What You Did Last Summer,0.687
1640,Selena Gomez,2015,Same Old Love,0.672
1641,Calvin Harris,2016,My Way,0.818
1642,Fitz and The Tantrums,2016,HandClap,0.636
1643,Twenty One Pilots,2015,Ride,0.645
1644,Flo Rida,2015,My House,0.688
1645,Ariana Grande,2016,Dangerous Woman,0.677
1646,Anne-Marie,2016,Alarm,0.756
1647,Charlie Puth,2016,We Don't Talk Anymore (feat. Selena Gomez),0.728
1648,AlunaGeorge,2016,I'm In Control,0.734
1649,Enrique Iglesias,2016,DUELE EL CORAZON (feat. Wisin),0.716
1650,MNEK,2015,Never Forget You,0.583
1651,Mike Perry,2016,The Ocean (feat. Shy Martin),0.632
1652,Drake,2016,Hotline Bling,0.903
1653,Ariana Grande,2016,Into You,0.623
1654,Shawn Mendes,2017,Treat You Better,0.444
1655,Tory Lanez,2016,Say It,0.546
1656,Coldplay,2015,Adventure of a Lifetime,0.638
1657,Kungs,2016,This Girl - Kungs Vs. Cookin' On 3 Burners,0.79
1658,SAYGRACE,2016,You Don't Own Me (feat. G-Eazy),0.332
1659,X Ambassadors,2015,Renegades,0.526
1660,DNCE,2016,Cake By The Ocean,0.774
1661,99 Souls,2016,The Girl Is Mine,0.683
1662,Illy,2016,Papercuts (feat. Vera Blue),0.369
1663,Kiiara,2015,Gold,0.6
1664,Kygo,2016,Stole the Show,0.678
1665,Fifth Harmony,2016,Work from Home (feat. Ty Dolla $ign),0.803
1666,Drake,2016,Pop Style,0.713
1667,ZAYN,2016,PILLOWTALK,0.588
1668,Alessia Cara,2016,Here,0.376
1669,DJ Snake,2016,Middle,0.611
1670,Sigala,2015,Sweet Lovin' - Radio Edit,0.683
1671,Drake,2015,Jumpman,0.852
1672,Charlie Puth,2016,Dangerously,0.696
1673,Nick Jonas,2016,Close,0.654
1674,Jonas Blue,2016,Perfect Strangers,0.742
1675,Major Lazer,2016,Cold Water (feat. Justin Bieber & MØ),0.608
1676,The Chainsmokers,2015,Roses,0.713
1677,Tory Lanez,2016,LUV,0.688
1678,P!nk,2016,"Just Like Fire (From the Original Motion Picture ""Alice Through The Looking Glass"")",0.632
1679,Bryson Tiller,2015,Don't,0.765
1680,Steve Aoki,2016,Just Hold On,0.647
1681,Clean Bandit,2016,Tears (feat. Louisa Johnson),0.605
1682,Jonas Blue,2015,Fast Car,0.459
1683,Flume,2016,Never Be Like You,0.443
1684,Bastille,2016,Good Grief,0.73
1685,Sia,2016,The Greatest (feat. Kendrick Lamar),0.668
1686,PARTYNEXTDOOR,2016,Not Nice,0.598
1687,Garrett Nash,2016,"i hate u, i love u (feat. olivia o'brien)",0.492
1688,Hilltop Hoods,2016,1955,0.766
1689,Fifth Harmony,2016,All In My Head (Flex) (feat. Fetty Wap),0.689
1690,Daya,2016,"Sit Still, Look Pretty",0.657
1691,Kent Jones,2016,Don't Mind,0.464
1692,Flume,2016,Say It,0.581
1693,Bryson Tiller,2015,Exchange,0.525
1694,MØ,2016,Final Song,0.695
1695,Beyoncé,2016,Sorry,0.775
1696,Little Mix,2017,Shout Out to My Ex,0.773
1697,The Lumineers,2016,Ophelia,0.664
1698,Frank Ocean,2016,Pink + White,0.544
1699,Drake,2016,Too Good,0.794
1700,Ed Sheeran,2017,Shape of You,0.825
1701,Sean Paul,2018,No Lie,0.742
1702,Luis Fonsi,2017,Despacito (Featuring Daddy Yankee),0.66
1703,Sam Smith,2017,Too Good At Goodbyes,0.681
1704,Clean Bandit,2016,Rockabye (feat. Sean Paul & Anne-Marie),0.72
1705,Camila Cabello,2017,Havana (feat. Young Thug),0.768
1706,Imagine Dragons,2017,Thunder,0.6
1707,Maroon 5,2018,Don't Wanna Know (feat. Kendrick Lamar),0.783
1708,The Chainsmokers,2017,Something Just Like This,0.617
1709,Ed Sheeran,2017,Perfect,0.599
1710,MGMT,2018,Little Dark Age,0.705
1711,Travis Scott,2016,goosebumps,0.841
1712,Billie Eilish,2017,Bored,0.614
1713,Future,2017,Mask Off,0.833
1714,G-Eazy,2017,Him & I,0.589
1715,Maroon 5,2017,Cold (feat. Future),0.697
1716,Rae Sremmurd,2016,Swang,0.681
1717,Lil Peep,2017,Save That Shit,0.534
1718,A$AP Ferg,2017,Plain Jane,0.797
1719,French Montana,2017,Unforgettable,0.726
1720,21 Savage,2017,Bank Account,0.884
1721,Axwell /\ Ingrosso,2017,More Than You Know,0.645
1722,ZAYN,2017,Dusk Till Dawn (feat. Sia) - Radio Edit,0.259
1723,J Balvin,2017,Mi Gente,0.548
1724,Jax Jones,2016,You Don't Know Me - Radio Edit,0.876
1725,Rae Sremmurd,2016,Black Beatles,0.794
1726,Zara Larsson,2017,Ain't My Fault,0.576
1727,Travis Scott,2017,BUTTERFLY EFFECT,0.763
1728,Ayo & Teo,2017,Rolex,0.804
1729,Lil Uzi Vert,2017,XO Tour Llif3,0.732
1730,Imagine Dragons,2017,Whatever It Takes,0.672
1731,Rob $tone,2016,Chill Bill (feat. J. Davi$ & Spooks),0.886
1732,Jason Derulo,2017,Swalla (feat. Nicki Minaj & Ty Dolla $ign),0.696
1733,G-Eazy,2017,No Limit,0.838
1734,Playboi Carti,2017,Magnolia,0.791
1735,Chord Overstreet,2017,Hold On,0.618
1736,Jax Jones,2017,Breathe,0.722
1737,Imagine Dragons,2017,Believer,0.779
1738,Natti Natasha,2017,Criminal,0.814
1739,Kendrick Lamar,2017,HUMBLE.,0.906
1740,Selena Gomez,2017,Fetish (feat. Gucci Mane),0.708
1741,Charlie Puth,2017,Attention,0.774
1742,Big Shaq,2017,Man's Not Hot,0.905
1743,Anne-Marie,2017,Ciao Adios,0.698
1744,Rag'n'Bone Man,2017,Human,0.602
1745,blackbear,2017,do re mi,0.745
1746,Lil Pump,2017,Gucci Gang,0.936
1747,Taylor Swift,2017,Look What You Made Me Do,0.766
1748,Enrique Iglesias,2017,SUBEME LA RADIO (feat. Descemer Bueno & Zion & Lennox),0.688
1749,Kodak Black,2017,Tunnel Vision,0.497
1750,Kendrick Lamar,2017,DNA.,0.636
1751,A Boogie Wit da Hoodie,2017,Drowning (feat. Kodak Black),0.839
1752,XXXTENTACION,2017,Jocelyn Flores,0.872
1753,Migos,2017,Bad and Boujee (feat. Lil Uzi Vert),0.926
1754,Yo Gotti,2017,Rake It Up (feat. Nicki Minaj),0.91
1755,Martin Garrix,2017,Scared to Be Lonely,0.584
1756,Jonas Blue,2017,Mama,0.739
1757,Martin Jensen,2016,Solo Dance,0.744
1758,Taylor Swift,2017,...Ready For It?,0.613
1759,David Guetta,2017,2U (feat. Justin Bieber),0.548
1760,Migos,2017,Slippery (feat. Gucci Mane),0.92
1761,Shawn Mendes,2017,There's Nothing Holdin' Me Back,0.857
1762,G-Eazy,2017,Good Life (with G-Eazy & Kehlani),0.572
1763,The Vamps,2017,All Night,0.538
1764,Dua Lipa,2017,New Rules,0.763
1765,Cardi B,2017,Bodak Yellow,0.929
1766,Rag'n'Bone Man,2017,Skin,0.564
1767,Zara Larsson,2017,I Would Like,0.486
1768,DJ Khaled,2017,Wild Thoughts (feat. Rihanna & Bryson Tiller),0.671
1769,Post Malone,2016,Congratulations,0.63
1770,Avicii,2017,Without You (feat. Sandro Cavazza),0.662
1771,Clean Bandit,2017,Symphony (feat. Zara Larsson),0.718
1772,Katy Perry,2017,Chained To The Rhythm,0.562
1773,Zay Hilfigerrr,2016,Juju on That Beat (TZ Anthem),0.807
1774,Calvin Harris,2017,"Feels (feat. Pharrell Williams, Katy Perry & Big Sean)",0.893
1775,Migos,2017,T-Shirt,0.865
1776,OneRepublic,2017,Rich Love (with Seeb),0.401
1777,Maggie Lindemann,2017,Pretty Girl - Cheat Codes X CADE Remix,0.703
1778,Macklemore,2017,Glorious (feat. Skylar Grey),0.731
1779,Hayden James,2019,NUMB,0.617
1780,Liam Payne,2017,Strip That Down,0.869
1781,Drake,2017,Passionfruit,0.809
1782,Justin Bieber,2017,Friends (with BloodPop®),0.744
1783,ZAYN,2016,"I Don’t Wanna Live Forever (Fifty Shades Darker) - From ""Fifty Shades Darker (Original Motion Picture Soundtrack)""",0.735
1784,Alessia Cara,2016,Scars To Your Beautiful,0.319
1785,2 Chainz,2017,It's A Vibe,0.822
1786,Starley,2016,Call on Me - Ryan Riback Remix,0.67
1787,AJR,2017,Weak,0.673
1788,Lana Del Rey,2017,Lust for Life (with The Weeknd),0.499
1789,CNCO,2017,Reggaetón Lento (Remix),0.623
1790,The Vamps,2017,Middle Of The Night,0.588
1791,The Weeknd,2016,I Feel It Coming,0.773
1792,The Chainsmokers,2017,Paris,0.653
1793,Big Sean,2017,Bounce Back,0.78
1794,Shawn Mendes,2017,Mercy,0.561
1795,Avicii,2017,Lonely Together (feat. Rita Ora),0.655
1796,Cheat Codes,2017,No Promises (feat. Demi Lovato),0.741
1797,Bruno Mars,2016,24K Magic,0.818
1798,Lorde,2017,Homemade Dynamite - REMIX,0.781
1799,Kygo,2017,It Ain't Me (with Selena Gomez),0.64
1800,Drake,2018,God's Plan,0.754
1801,Post Malone,2018,rockstar (feat. 21 Savage),0.585
1802,Offset,2017,Ric Flair Drip (with Metro Boomin),0.88
1803,G-Eazy,2017,Him & I (with Halsey),0.589
1804,Dynoro,2018,In My Mind,0.694
1805,Juice WRLD,2018,Lucid Dreams,0.511
1806,Zedd,2018,The Middle,0.753
1807,Marshmello,2018,FRIENDS,0.626
1808,Cardi B,2018,I Like It,0.816
1809,XXXTENTACION,2018,Moonlight,0.921
1810,Ariana Grande,2018,no tears left to cry,0.699
1811,Sheck Wes,2018,Mo Bamba,0.729
1812,Calvin Harris,2018,One Kiss (with Dua Lipa),0.791
1813,Tyga,2018,Taste (feat. Offset),0.884
1814,Travis Scott,2018,SICKO MODE,0.834
1815,Imagine Dragons,2018,Natural,0.704
1816,DJ Snake,2018,"Taki Taki (with Selena Gomez, Ozuna & Cardi B)",0.842
1817,Marshmello,2018,Spotlight,0.546
1818,The Weeknd,2018,Pray For Me (with Kendrick Lamar),0.735
1819,Billie Eilish,2018,lovely (with Khalid),0.351
1820,Migos,2018,Walk It Talk It,0.907
1821,Clean Bandit,2018,Solo (feat. Demi Lovato),0.737
1822,Drake,2018,Nonstop,0.912
1823,6ix9ine,2018,FEFE,0.931
1824,The Weeknd,2018,Call Out My Name,0.461
1825,Nio Garcia,2018,Te Boté - Remix,0.903
1826,Migos,2018,MotorSport,0.904
1827,Nicky Jam,2019,X,0.594
1828,XXXTENTACION,2018,SAD!,0.74
1829,Becky G,2018,Sin Pijama,0.791
1830,Machine Gun Kelly,2017,"Home (with Machine Gun Kelly, X Ambassadors & Bebe Rexha)",0.653
1831,6ix9ine,2018,GUMMO,0.66
1832,Jax Jones,2017,Breathe,0.722
1833,The Chainsmokers,2018,Sick Boy,0.663
1834,Jay Rock,2018,"King's Dead (with Kendrick Lamar, Future & James Blake)",0.645
1835,Rich The Kid,2018,Plug Walk,0.876
1836,Kendrick Lamar,2018,All The Stars (with SZA),0.698
1837,Logic,2018,Everyday,0.667
1838,Jason Derulo,2017,Tip Toe (feat. French Montana),0.845
1839,Ariana Grande,2018,God is a woman,0.602
1840,Rae Sremmurd,2018,Powerglide (feat. Juicy J) - From SR3MM,0.713
1841,EO,2018,German,0.862
1842,Dennis Lloyd,2017,Nevermind,0.6
1843,girl in red,2018,we fell in love in october,0.566
1844,Selena Gomez,2017,Wolves,0.724
1845,Tiësto,2018,Jackie Chan,0.747
1846,Tom Walker,2017,Leave a Light On,0.586
1847,Sofía Reyes,2018,"1, 2, 3 (feat. Jason Derulo & De La Ghetto)",0.792
1848,Marshmello,2017,Silence,0.52
1849,5 Seconds of Summer,2018,Youngblood,0.596
1850,Loud Luxury,2017,Body (feat. brando),0.752
1851,Liam Payne,2018,For You (Fifty Shades Freed) (& Rita Ora),0.541
1852,NF,2017,Let You Down,0.662
1853,XXXTENTACION,2018,changes,0.669
1854,Maluma,2018,Corazón (feat. Nego do Borel),0.722
1855,Cardi B,2018,Bodak Yellow,0.926
1856,Lil Baby,2018,Yes Indeed,0.963
1857,Jonas Blue,2018,Rise,0.687
1858,David Guetta,2018,Flames,0.631
1859,Ozuna,2018,Vaina Loca,0.754
1860,Charlie Puth,2018,How Long,0.845
1861,Post Malone,2018,Better Now,0.68
1862,BlocBoy JB,2018,Look Alive (feat. Drake),0.922
1863,Eminem,2017,River (feat. Ed Sheeran),0.748
1864,Marshmello,2018,Happier,0.687
1865,Dean Lewis,2018,Be Alright,0.553
1866,Charlie Puth,2018,Done for Me (feat. Kehlani),0.856
1867,Migos,2018,Stir Fry,0.817
1868,YG,2018,"BIG BANK (feat. 2 Chainz, Big Sean, Nicki Minaj)",0.745
1869,Drake,2018,In My Feelings,0.835
1870,B Young,2018,Jumanji,0.791
1871,Charlie Puth,2018,The Way I Am,0.755
1872,Reik,2018,Me Niego (feat. Ozuna & Wisin),0.777
1873,benny blanco,2018,Eastside (with Halsey & Khalid),0.56
1874,Luis Fonsi,2017,Échame La Culpa,0.733
1875,MK,2017,17,0.703
1876,Rita Ora,2017,Anywhere,0.628
1877,Banx & Ranx,2018,Answerphone (feat. Yxng Bane),0.671
1878,Ella Mai,2018,Trip,0.477
1879,Daddy Yankee,2018,Dura,0.783
1880,DJ Khaled,2018,No Brainer,0.552
1881,Anne-Marie,2018,2002,0.697
1882,Bruno Mars,2017,Finesse - Remix; feat. Cardi B,0.704
1883,FINNEAS,2018,Let's Fall in Love for the Night,0.737
1884,Hugh Jackman,2017,The Greatest Show,0.417
1885,Halsey,2017,Bad At Love,0.675
1886,Drake,2018,I'm Upset,0.899
1887,Camila Cabello,2018,Never Be the Same,0.637
1888,M.O,2018,Bad Vibe,0.813
1889,Dua Lipa,2017,IDGAF,0.836
1890,Cashmere Cat,2018,Miss You (with Major Lazer & Tory Lanez),0.747
1891,Bazzi,2018,Mine,0.71
1892,Lil Dicky,2018,Freaky Friday (feat. Chris Brown),0.755
1893,Lauv,2018,I Like Me Better,0.752
1894,The Chainsmokers,2018,This Feeling,0.575
1895,Maroon 5,2018,Girls Like You (feat. Cardi B) - Cardi B Version,0.851
1896,Khalid,2018,Love Lies (with Normani),0.708
1897,Drake,2018,Nice For What,0.585
1898,Kendrick Lamar,2017,LOVE. FEAT. ZACARI.,0.8
1899,Post Malone,2018,Psycho (feat. Ty Dolla $ign),0.75
1900,Lil Nas X,2019,Old Town Road - Remix,0.878
1901,Billie Eilish,2019,bad guy,0.701
1902,Shawn Mendes,2019,Señorita,0.759
1903,Ariana Grande,2019,7 rings,0.778
1904,Post Malone,2019,Sunflower - Spider-Man: Into the Spider-Verse,0.755
1905,Gesaffelstein,2019,Lost in the Fire (feat. The Weeknd),0.658
1906,Halsey,2018,Without Me,0.752
1907,Regard,2019,Ride It,0.88
1908,Lady Gaga,2018,Shallow,0.572
1909,Mark Ronson,2018,Nothing Breaks Like a Heart (feat. Miley Cyrus),0.601
1910,Lewis Capaldi,2019,Someone You Loved,0.501
1911,Jax Jones,2019,All Day And Night,0.585
1912,Mustard,2019,Pure Water (with Migos),0.682
1913,NLE Choppa,2019,Shotta Flow (feat. Blueface) [Remix],0.894
1914,Kodak Black,2018,ZEZE (feat. Travis Scott & Offset),0.861
1915,Daddy Yankee,2019,Con Calma,0.737
1916,Alec Benjamin,2018,Let Me Down Slowly,0.652
1917,BLACKPINK,2019,Kill This Love,0.738
1918,Offset,2019,Clout (feat. Cardi B),0.919
1919,MEDUZA,2019,Piece Of Your Heart,0.677
1920,Ed Sheeran,2019,Antisocial (with Travis Scott),0.716
1921,Travis Scott,2018,SICKO MODE,0.834
1922,Mabel,2019,Mad Love,0.631
1923,Lana Del Rey,2019,Doin' Time,0.641
1924,DJ Snake,2019,"Taki Taki (feat. Selena Gomez, Ozuna & Cardi B)",0.842
1925,A Boogie Wit da Hoodie,2018,Look Back at It,0.791
1926,Saweetie,2019,My Type,0.899
1927,Lil Tecca,2019,Ransom,0.745
1928,Russ Millions,2019,Keisha & Becky - Remix,0.863
1929,Billie Eilish,2018,lovely (with Khalid),0.351
1930,Mabel,2019,Don't Call Me Up,0.674
1931,Lil Nas X,2019,Old Town Road,0.907
1932,Meek Mill,2018,Going Bad (feat. Drake),0.889
1933,Post Malone,2019,Wow.,0.829
1934,Doja Cat,2019,Juicy,0.786
1935,A Boogie Wit da Hoodie,2018,Swervin (feat. 6ix9ine),0.581
1936,iann dior,2019,emotions,0.63
1937,Paulo Londra,2019,Adan y Eva,0.767
1938,Drake,2019,Money In The Grave (Drake ft. Rick Ross),0.831
1939,Lil Nas X,2019,Panini,0.703
1940,Bad Bunny,2018,MIA (feat. Drake),0.817
1941,Polo G,2019,Pop Out (feat. Lil Tjay),0.772
1942,Juice WRLD,2019,Robbery,0.685
1943,21 Savage,2018,a lot,0.837
1944,Young Thug,2019,The London (feat. J. Cole & Travis Scott),0.796
1945,Anuel AA,2019,China,0.786
1946,Camila Cabello,2019,Liar,0.74
1947,Flipp Dinero,2019,Leave Me Alone,0.792
1948,Cardi B,2018,Money,0.95
1949,Ariana Grande,2019,"break up with your girlfriend, i'm bored",0.726
1950,Dave,2019,Location (feat. Burna Boy),0.812
1951,Ava Max,2018,Sweet but Psycho,0.719
1952,Dua Lipa,2019,Don't Start Now,0.794
1953,Young T & Bugsey,2019,Strike a Pose (feat. Aitch),0.531
1954,Calvin Harris,2019,Giant (with Rag'n'Bone Man),0.807
1955,Ed Sheeran,2019,Take Me Back to London (feat. Stormzy),0.885
1956,Cardi B,2019,Please Me,0.747
1957,Stormzy,2019,Vossi Bop,0.682
1958,Tones And I,2019,Dance Monkey,0.824
1959,Ariana Grande,2019,boyfriend (with Social House),0.4
1960,Bad Bunny,2019,Callaita,0.61
1961,Ava Max,2019,So Am I,0.682
1962,Pedro Capó,2018,Calma - Remix,0.826
1963,J. Cole,2019,MIDDLE CHILD,0.837
1964,Lunay,2019,Soltera - Remix,0.795
1965,Khalid,2018,Better,0.442
1966,Blueface,2018,Thotiana,0.906
1967,DaBaby,2019,Suge,0.876
1968,AJ Tracey,2019,Ladbroke Grove,0.903
1969,Billie Eilish,2019,bury a friend,0.905
1970,BTS,2019,Boy With Luv (feat. Halsey),0.645
1971,Wiley,2019,Boasty (feat. Idris Elba),0.887
1972,Jonas Brothers,2019,Only Human,0.795
1973,5 Seconds of Summer,2019,Easier,0.505
1974,Avicii,2019,SOS (feat. Aloe Blacc),0.802
1975,"Tyler, The Creator",2019,EARFQUAKE,0.554
1976,Ashley O,2019,On A Roll,0.736
1977,Dominic Fike,2018,3 Nights,0.815
1978,Sigala,2019,Wish You Well,0.669
1979,Megan Thee Stallion,2019,Hot Girl Summer (feat. Nicki Minaj & Ty Dolla $ign),0.872
1980,Anuel AA,2019,Secreto,0.807
1981,Sam Feldt,2019,Post Malone (feat. RANI),0.59
1982,Kehlani,2019,Nights Like This (feat. Ty Dolla $ign),0.61
1983,Sech,2019,Otro Trago,0.746
1984,Post Malone,2018,Better Now,0.68
1985,Ed Sheeran,2019,Cross Me (feat. Chance the Rapper & PnB Rock),0.746
1986,Lauv,2019,i'm so tired...,0.599
1987,iann dior,2019,gone girl,0.677
1988,Panic! At The Disco,2018,High Hopes,0.579
1989,Marshmello,2019,One Thing Right,0.659
1990,Sam Smith,2019,How Do You Sleep?,0.477
1991,NSG,2020,Options,0.836
1992,Normani,2019,Motivation,0.599
1993,Joel Corry,2019,Sorry,0.744
1994,Post Malone,2019,Goodbyes (Feat. Young Thug),0.58
1995,Jonas Brothers,2019,Sucker,0.842
1996,Taylor Swift,2019,Cruel Summer,0.552
1997,Blanco Brown,2019,The Git Up,0.847
1998,Sam Smith,2019,Dancing With A Stranger (with Normani),0.741
1999,Post Malone,2019,Circles,0.695
